{"stats":{"minecraft:picked_up":{"minecraft:iron_chestplate":10,"minecraft:wheat":223,"minecraft:flower_pot":3,"minecraft:lead":2,"minecraft:potion":5,"minecraft:crimson_planks":2,"mna:wand_prismarineshard":1,"minecraft:polished_deepslate":1,"minecraft:string":3,"minecraft:dark_oak_trapdoor":3,"minecraft:raw_copper":26,"minecraft:explorer_pottery_sherd":2,"minecraft:iron_leggings":2,"minecraft:experience_bottle":1,"mna:mark_of_the_fey":1,"minecraft:diamond_leggings":3,"minecraft:bucket":1,"minecraft:spruce_planks":385,"minecraft:calcite":8,"minecraft:iron_pickaxe":12,"mna:guide_book":1,"minecraft:coal_block":3,"minecraft:iron_boots":4,"minecraft:spruce_pressure_plate":2,"minecraft:stick":513,"minecraft:oak_fence":1,"minecraft:torch":465,"minecraft:acacia_log":1,"minecraft:spruce_stairs":1,"epicfight:skillbook":17,"minecraft:porkchop":3,"aether:golden_gloves":4,"mna:sachet_ender":5,"minecraft:waxed_cut_copper_stairs":6,"minecraft:rotten_flesh":241,"minecraft:tropical_fish":2,"minecraft:iron_block":1,"epicfight:stray_robe":1,"minecraft:obsidian":63,"minecraft:iron_bars":1,"minecraft:snowball":11,"minecraft:cobblestone":2402,"minecraft:birch_log":125,"minecraft:cooked_beef":6,"minecraft:water_bucket":11,"minecraft:andesite":642,"mna:sachet_water":19,"minecraft:potato":76,"minecraft:flint":1,"minecraft:lantern":3,"minecraft:dirt":293,"mna:sachet_arcane":2,"minecraft:leather_boots":1,"minecraft:bone":31,"minecraft:bow":5,"epicfight:iron_greatsword":7,"minecraft:stonecutter":5,"minecraft:wheat_seeds":568,"minecraft:dark_oak_sign":1,"minecraft:bamboo":68,"mna:cerublossom":4,"minecraft:oak_planks":1,"minecraft:sand":21,"minecraft:jungle_planks":4,"minecraft:diamond":7,"minecraft:deepslate":1,"minecraft:soul_lantern":1,"minecraft:crossbow":3,"minecraft:bone_meal":18,"minecraft:emerald":90,"minecraft:spruce_sign":13,"minecraft:bread":259,"minecraft:oak_sapling":120,"minecraft:netherrack":86,"minecraft:diamond_pickaxe":1,"minecraft:charcoal":2,"minecraft:coarse_dirt":173,"minecraft:crafting_table":4,"minecraft:allium":1,"minecraft:chicken":1,"mna:sachet_air":4,"minecraft:cornflower":3,"minecraft:red_bed":3,"minecraft:moss_carpet":1,"minecraft:iron_axe":2,"minecraft:flint_and_steel":1,"minecraft:iron_shovel":2,"mna:vinteum_ore":3,"minecraft:cyan_carpet":3,"minecraft:beef":18,"minecraft:player_head":2,"mna:bone_ash":4,"minecraft:spruce_slab":16,"minecraft:sugar_cane":63,"minecraft:birch_sapling":30,"minecraft:spruce_trapdoor":2,"minecraft:egg":1,"minecraft:raw_iron":26,"minecraft:sandstone":20,"minecraft:stripped_mangrove_wood":1,"minecraft:stone":1,"minecraft:bowl":1,"minecraft:fire_charge":1,"minecraft:mangrove_sign":1,"minecraft:carrot":2,"minecraft:purple_terracotta":1,"minecraft:dark_oak_planks":1,"minecraft:howl_pottery_sherd":2,"minecraft:arrow":70,"minecraft:hay_block":19,"minecraft:glistering_melon_slice":12,"minecraft:gold_ingot":36,"mna:vinteum_dust":22,"minecraft:glow_berries":2,"minecraft:mutton":11,"minecraft:skeleton_skull":1,"minecraft:white_wool":5,"minecraft:oxeye_daisy":1,"minecraft:burn_pottery_sherd":2,"minecraft:leather":8,"minecraft:birch_planks":15,"minecraft:mushroom_stew":4,"minecraft:oak_log":137,"minecraft:golden_boots":2,"minecraft:gunpowder":57,"minecraft:cobblestone_stairs":1,"minecraft:cooked_mutton":10,"minecraft:apple":18,"minecraft:heart_of_the_sea":4,"minecraft:iron_ingot":117,"minecraft:cobweb":1,"minecraft:glass_bottle":1,"minecraft:mangrove_planks":1,"minecraft:arms_up_pottery_sherd":2,"minecraft:iron_sword":7,"minecraft:dark_oak_stairs":1,"minecraft:book":187,"minecraft:scaffolding":8,"mna:mark_of_the_undead":1,"minecraft:pumpkin":2,"minecraft:stone_brick_slab":1,"minecraft:quartz":50,"minecraft:dandelion":4,"minecraft:spyglass":4,"minecraft:raw_iron_block":3,"minecraft:gravel":4,"minecraft:amethyst_shard":4,"minecraft:spruce_sapling":123,"minecraft:spruce_log":758,"mna:aum":2,"minecraft:spider_eye":4,"mna:sachet_earth":2,"minecraft:diamond_shovel":2,"minecraft:stone_axe":5,"minecraft:iron_helmet":6,"minecraft:diamond_axe":2,"minecraft:coal":39},"minecraft:killed":{"minecraft:spider":12,"minecraft:skeleton":15,"minecraft:chicken":1,"mna:spell_breaker":1,"minecraft:magma_cube":23,"minecraft:pig":1,"minecraft:creeper":9,"minecraft:sheep":5,"minecraft:pillager":5,"minecraft:zombie":25,"minecraft:cow":4,"mna:skeleton_assassin":4,"minecraft:vindicator":9,"mna:pixie":4,"minecraft:horse":1,"minecraft:drowned":4,"mna:barkling":5,"mna:hulking_zombie":1,"minecraft:husk":186,"mna:witch_hunter":2,"minecraft:frog":8},"minecraft:used":{"mcwbridges:stone_brick_bridge":8,"mcwbridges:spruce_log_bridge_middle":6,"minecraft:spruce_slab":222,"minecraft:stone":858,"minecraft:iron_sword":325,"mcwbridges:asian_red_bridge":3,"mcwbridges:andesite_bridge":7,"minecraft:axolotl_bucket":1,"minecraft:obsidian":14,"minecraft:warden_spawn_egg":1,"minecraft:lava_bucket":1,"minecraft:grass_block":523,"minecraft:bow":14,"minecraft:hay_block":1,"minecraft:scaffolding":34,"minecraft:oak_sapling":22,"epicfight:skillbook":25,"minecraft:dark_oak_sign":1,"minecraft:oak_planks":167,"twilightforest:huge_mushgloom":33,"minecraft:diamond_axe":371,"minecraft:glow_berries":2,"minecraft:sand":21,"mcwbridges:mossy_cobblestone_bridge_pier":58,"minecraft:mushroom_stew":2,"minecraft:crossbow":37,"mna:cerublossom":1,"mna:vinteum_ore":1,"minecraft:bread":115,"minecraft:gravel":107,"minecraft:deepslate":3,"mcwbridges:balustrade_andesite_bridge":180,"minecraft:soul_lantern":1,"minecraft:andesite":64,"minecraft:waxed_cut_copper_stairs":2,"minecraft:coarse_dirt":21,"mcwbridges:cobblestone_bridge_pier":288,"minecraft:bone_meal":20,"minecraft:cobweb":3,"minecraft:experience_bottle":1,"minecraft:oak_fence":1,"quark:birch_chest":2,"mcwbridges:spruce_log_bridge_stair":5,"minecraft:spruce_planks":248,"minecraft:tinted_glass":206,"minecraft:netherrack":2,"minecraft:stone_hoe":126,"minecraft:torch":102,"minecraft:dirt":67,"minecraft:spyglass":22,"minecraft:spruce_stairs":47,"quark:framed_glass":161,"epicfight:iron_greatsword":888,"minecraft:iron_axe":39,"minecraft:oak_stairs":10,"mcwbridges:spruce_rope_bridge_stair":6,"mcwbridges:rope_spruce_bridge":213,"minecraft:bamboo":38,"minecraft:iron_leggings":1,"mcwbridges:andesite_bridge_stair":3,"mcwbridges:cobblestone_bridge":171,"minecraft:cooked_beef":15,"minecraft:golden_axe":68,"minecraft:cobbled_deepslate":3,"minecraft:calcite":1,"minecraft:wheat_seeds":303,"minecraft:water_bucket":241,"epicfight:iron_spear":3,"minecraft:stonecutter":1,"minecraft:crafting_table":7,"minecraft:red_bed":3,"minecraft:spruce_log":544,"minecraft:mangrove_sign":1,"minecraft:diamond_pickaxe":1562,"minecraft:apple":22,"minecraft:diamond_shovel":927,"minecraft:iron_pickaxe":2318,"minecraft:spruce_pressure_plate":1,"mcwbridges:cobblestone_bridge_stair":14,"minecraft:stone_axe":169,"minecraft:cobblestone":468,"minecraft:potion":6,"minecraft:bucket":16,"quark:oak_chest":4,"minecraft:sea_pickle":82,"minecraft:splash_potion":1},"minecraft:mined":{"minecraft:dark_oak_planks":1,"minecraft:spruce_planks":9,"minecraft:farmland":1,"minecraft:oak_sapling":2,"minecraft:cobblestone_stairs":1,"minecraft:jungle_leaves":1,"minecraft:potted_blue_orchid":1,"biomesoplenty:bramble":4,"minecraft:acacia_log":1,"minecraft:grass_block":393,"minecraft:coal_block":3,"minecraft:oxeye_daisy":1,"minecraft:spawner":1,"biomesoplenty:bramble_leaves":1,"minecraft:tall_seagrass":1,"minecraft:raw_iron_block":3,"minecraft:dark_oak_trapdoor":3,"minecraft:iron_ore":28,"minecraft:fire":8,"minecraft:pumpkin":2,"minecraft:dark_oak_stairs":2,"minecraft:flowering_azalea_leaves":2,"minecraft:iron_bars":1,"minecraft:spruce_pressure_plate":1,"minecraft:potted_cornflower":1,"minecraft:azalea_leaves":1,"minecraft:stripped_mangrove_wood":1,"minecraft:iron_block":1,"minecraft:spruce_slab":4,"minecraft:waxed_cut_copper_stairs":2,"minecraft:red_bed":3,"minecraft:amethyst_cluster":1,"minecraft:torch":8,"minecraft:calcite":8,"mna:cerublossom":2,"minecraft:nether_quartz_ore":40,"minecraft:cobblestone":171,"minecraft:potted_oak_sapling":1,"minecraft:sugar_cane":20,"minecraft:wall_torch":13,"minecraft:skeleton_skull":1,"minecraft:birch_log":1,"minecraft:wheat":202,"minecraft:birch_trapdoor":2,"minecraft:stone_brick_stairs":2,"minecraft:grass":106,"minecraft:oak_log":6,"minecraft:sand":24,"minecraft:dirt":325,"minecraft:crimson_planks":2,"minecraft:stonecutter":1,"minecraft:netherrack":87,"minecraft:oak_leaves":18,"minecraft:mangrove_wall_sign":2,"minecraft:sea_lantern":1,"minecraft:chiseled_bookshelf":6,"minecraft:purple_terracotta":2,"minecraft:decorated_pot":1,"minecraft:jungle_planks":4,"minecraft:mangrove_trapdoor":2,"minecraft:spruce_leaves":49,"mna:vinteum_ore":1,"minecraft:sandstone":10,"minecraft:hay_block":17,"minecraft:snow":12,"mna:aum":2,"minecraft:andesite":756,"treechop:chopped_log":36,"minecraft:bookshelf":48,"minecraft:potatoes":3,"minecraft:bamboo_sapling":4,"minecraft:bamboo":6,"minecraft:stone":2673,"minecraft:potted_allium":1,"minecraft:acacia_leaves":6,"minecraft:stone_brick_slab":3,"minecraft:dandelion":5,"minecraft:oak_fence":1,"minecraft:crafting_table":4,"minecraft:cornflower":2,"minecraft:campfire":1,"minecraft:copper_ore":5,"minecraft:tall_grass":74,"minecraft:deepslate_coal_ore":1,"biomesoplenty:sprout":1,"minecraft:spruce_stairs":1,"minecraft:birch_planks":15,"minecraft:coarse_dirt":176,"minecraft:spruce_log":51,"minecraft:mangrove_planks":1,"minecraft:coal_ore":23,"minecraft:gravel":1,"minecraft:cyan_carpet":4,"minecraft:gray_carpet":3,"minecraft:fern":7},"minecraft:crafted":{"minecraft:oak_planks":292,"quark:birch_chest":2,"epicfight:iron_spear":1,"minecraft:diamond_shovel":1,"minecraft:iron_boots":1,"minecraft:stone_hoe":1,"minecraft:diamond_axe":1,"minecraft:crafting_table":4,"minecraft:spruce_planks":320,"minecraft:iron_helmet":1,"minecraft:birch_planks":28,"minecraft:charcoal":64,"minecraft:purple_dye":2,"minecraft:stick":88,"quark:oak_chest":4,"minecraft:iron_ingot":19,"minecraft:iron_pickaxe":8,"minecraft:raw_iron":27,"minecraft:coal":27,"minecraft:bone_meal":54,"minecraft:scaffolding":24,"minecraft:iron_axe":1,"minecraft:spruce_slab":12,"epicfight:iron_greatsword":8,"minecraft:wheat":145,"minecraft:iron_sword":1,"minecraft:bucket":1,"minecraft:stone_axe":1,"minecraft:bread":98,"minecraft:air":0,"minecraft:torch":72},"minecraft:killed_by":{"minecraft:pillager":2,"minecraft:vindicator":4,"minecraft:husk":6,"minecraft:player":1},"minecraft:custom":{"minecraft:interact_with_crafting_table":52,"minecraft:open_barrel":93,"minecraft:eat_cake_slice":7,"minecraft:leave_game":6,"minecraft:time_since_death":370164,"minecraft:sprint_one_cm":2112740,"minecraft:drop":393,"minecraft:talked_to_villager":7,"minecraft:play_time":861186,"minecraft:deaths":14,"minecraft:jump":5006,"minecraft:walk_on_water_one_cm":181154,"minecraft:interact_with_furnace":29,"minecraft:sleep_in_bed":9,"minecraft:damage_dealt":94737,"minecraft:player_kills":3,"minecraft:crouch_one_cm":101664,"minecraft:interact_with_smoker":2,"minecraft:mob_kills":328,"minecraft:damage_dealt_resisted":112,"minecraft:climb_one_cm":15669,"minecraft:walk_one_cm":4123906,"minecraft:damage_dealt_absorbed":54,"minecraft:target_hit":1,"minecraft:sneak_time":28248,"minecraft:walk_under_water_one_cm":138484,"minecraft:interact_with_lectern":28,"minecraft:interact_with_blast_furnace":10,"minecraft:total_world_time":861186,"minecraft:interact_with_stonecutter":1,"minecraft:time_since_rest":127870,"minecraft:damage_taken":9251,"minecraft:swim_one_cm":193647,"minecraft:fly_one_cm":9915178,"minecraft:open_chest":259,"minecraft:fall_one_cm":118210},"minecraft:dropped":{"minecraft:spruce_sign":12,"minecraft:iron_sword":5,"minecraft:moss_block":4,"minecraft:birch_planks":15,"minecraft:porkchop":3,"minecraft:stripped_mangrove_wood":1,"mna:staff_redstone":1,"minecraft:oak_log":7,"minecraft:glass_bottle":3,"mna:vinteum_dust":1,"mna:cerublossom":2,"minecraft:crossbow":2,"minecraft:jungle_planks":4,"minecraft:mangrove_planks":1,"mna:sachet_air":2,"minecraft:flint":1,"minecraft:cobblestone_stairs":1,"minecraft:dirt":225,"minecraft:cornflower":3,"minecraft:mutton":3,"minecraft:dark_oak_trapdoor":3,"minecraft:snowball":11,"minecraft:chain":4,"minecraft:bone_meal":12,"minecraft:iron_pickaxe":1,"minecraft:dark_oak_planks":1,"minecraft:birch_log":74,"minecraft:white_wool":5,"epicfight:stray_robe":1,"minecraft:cyan_carpet":3,"minecraft:bone":13,"minecraft:stone_axe":1,"mna:sachet_ender":4,"minecraft:waxed_cut_copper_stairs":4,"minecraft:sugar_cane":46,"aether:golden_gloves":1,"minecraft:birch_sapling":30,"minecraft:wheat":103,"minecraft:obsidian":15,"minecraft:rotten_flesh":303,"minecraft:oak_planks":196,"minecraft:cooked_mutton":10,"minecraft:carrot":1,"minecraft:gunpowder":13,"minecraft:charcoal":3,"minecraft:spruce_pressure_plate":1,"minecraft:leather_boots":1,"minecraft:acacia_sapling":1,"minecraft:arms_up_pottery_sherd":2,"minecraft:spruce_slab":8,"minecraft:iron_bars":1,"minecraft:arrow":129,"minecraft:netherrack":84,"minecraft:golden_boots":1,"minecraft:egg":1,"minecraft:crimson_planks":2,"minecraft:water_bucket":3,"minecraft:stone_hoe":1,"minecraft:bread":123,"minecraft:purple_terracotta":1,"minecraft:wheat_seeds":52,"mna:staff_prismarinecrystal":1,"mcwbridges:balustrade_andesite_bridge":1,"minecraft:diamond_leggings":1,"mna:bone_ash":3,"minecraft:prismarine_crystals":4,"minecraft:cobblestone":127,"minecraft:iron_helmet":2,"minecraft:apple":12,"minecraft:explorer_pottery_sherd":2,"minecraft:burn_pottery_sherd":2,"minecraft:tropical_fish":2,"minecraft:purple_dye":2,"minecraft:spruce_stairs":1,"minecraft:acacia_log":1,"minecraft:grass_block":2,"minecraft:coal":28,"minecraft:mushroom_stew":1,"minecraft:stick":81,"minecraft:oxeye_daisy":1,"minecraft:cobweb":1,"mna:staff_cerublossom":1,"epicfight:iron_greatsword":6,"minecraft:fire_charge":1,"minecraft:potion":4,"minecraft:iron_leggings":1,"minecraft:iron_axe":1,"mna:wand_prismarineshard":1,"minecraft:string":3,"minecraft:bucket":3,"minecraft:gray_carpet":6,"minecraft:spruce_sapling":123,"minecraft:dandelion":4,"minecraft:stone_brick_slab":1,"mna:guide_book":1,"minecraft:polished_deepslate":1,"minecraft:moss_carpet":1,"mna:wand_desertnova":1,"mcwbridges:andesite_bridge_stair":1,"minecraft:player_head":1,"minecraft:coarse_dirt":152,"minecraft:bowl":3,"minecraft:deepslate":2,"mcwbridges:pliers":1,"minecraft:tall_grass":1,"minecraft:chicken":1,"minecraft:iron_boots":3,"minecraft:suspicious_stew":1,"minecraft:flint_and_steel":2,"minecraft:filled_map":2,"minecraft:potato":18,"minecraft:hay_block":1,"minecraft:stone":4,"minecraft:flower_pot":2,"minecraft:allium":1,"minecraft:iron_chestplate":1,"mna:aum":2,"minecraft:spruce_trapdoor":2,"minecraft:spruce_planks":248,"minecraft:diamond_pickaxe":1,"minecraft:howl_pottery_sherd":2,"minecraft:andesite":21,"minecraft:oak_sapling":98,"minecraft:spider_eye":4,"minecraft:spruce_log":83,"minecraft:sandstone":20,"minecraft:bow":6,"minecraft:calcite":7,"epicfight:skillbook":7},"minecraft:broken":{"minecraft:diamond_pickaxe":1,"minecraft:stone_axe":1,"minecraft:iron_sword":1,"epicfight:iron_greatsword":3,"mna:staff_chimerite":1,"minecraft:golden_axe":1,"minecraft:iron_pickaxe":9}},"DataVersion":3465}