{"stats":{"minecraft:crafted":{"minecraft:oak_planks":32,"minecraft:raw_iron":27,"minecraft:coal":9,"minecraft:diamond_axe":1,"minecraft:spruce_planks":12,"minecraft:diamond_shovel":1,"minecraft:air":0,"minecraft:iron_ingot":6,"minecraft:stick":16,"quark:oak_chest":4,"epicfight:iron_greatsword":2,"minecraft:wheat":9},"minecraft:dropped":{"minecraft:water_bucket":1,"minecraft:spruce_sign":11,"minecraft:wheat_seeds":41,"minecraft:coarse_dirt":151,"minecraft:deepslate":2,"minecraft:birch_sapling":4,"minecraft:diamond_leggings":1,"mna:cerublossom":1,"minecraft:cobblestone":6,"minecraft:rotten_flesh":9,"minecraft:tropical_fish":2,"minecraft:stick":25,"minecraft:cobblestone_stairs":1,"minecraft:dirt":133,"minecraft:flower_pot":1,"minecraft:allium":1,"minecraft:charcoal":3,"minecraft:diamond_pickaxe":1,"epicfight:iron_greatsword":1,"minecraft:snowball":11,"minecraft:oak_sapling":70,"minecraft:chain":4,"minecraft:spider_eye":1,"minecraft:spruce_log":5,"minecraft:arrow":30,"minecraft:bow":2,"mna:wand_prismarineshard":1,"minecraft:bucket":2,"minecraft:spruce_sapling":47},"minecraft:used":{"minecraft:water_bucket":6,"minecraft:diamond_axe":145,"minecraft:torch":1,"minecraft:glow_berries":2,"minecraft:dirt":64,"minecraft:crafting_table":2,"minecraft:red_bed":3,"minecraft:crossbow":1,"minecraft:axolotl_bucket":1,"minecraft:lava_bucket":1,"mna:cerublossom":1,"minecraft:diamond_pickaxe":107,"minecraft:apple":22,"minecraft:diamond_shovel":842,"minecraft:bread":11,"minecraft:spruce_pressure_plate":1,"minecraft:deepslate":3,"minecraft:bow":14,"minecraft:potion":3,"minecraft:hay_block":1,"minecraft:bucket":9,"quark:oak_chest":4,"minecraft:coarse_dirt":21,"minecraft:cobbled_deepslate":3,"minecraft:golden_axe":68},"minecraft:killed":{"minecraft:spider":3,"mna:pixie":3,"minecraft:skeleton":2,"minecraft:zombie":11,"mna:barkling":1},"minecraft:picked_up":{"minecraft:birch_log":5,"minecraft:charcoal":2,"minecraft:coarse_dirt":172,"minecraft:crafting_table":2,"minecraft:allium":1,"minecraft:flower_pot":1,"minecraft:water_bucket":1,"mna:sachet_air":2,"minecraft:oak_log":35,"minecraft:cobblestone_stairs":1,"mna:wand_prismarineshard":1,"minecraft:dirt":197,"minecraft:red_bed":3,"minecraft:lantern":3,"mna:mark_of_the_fey":1,"minecraft:apple":2,"minecraft:bow":1,"minecraft:wheat_seeds":41,"minecraft:diamond_leggings":1,"minecraft:bucket":1,"minecraft:glass_bottle":1,"mna:cerublossom":2,"minecraft:coal_block":1,"minecraft:birch_sapling":4,"minecraft:spruce_pressure_plate":1,"minecraft:stick":68,"minecraft:raw_iron":14,"minecraft:pumpkin":2,"minecraft:torch":1,"minecraft:raw_iron_block":3,"minecraft:spruce_sapling":47,"minecraft:spruce_log":134,"minecraft:spider_eye":1,"minecraft:tropical_fish":2,"minecraft:arrow":2,"minecraft:rotten_flesh":9,"minecraft:deepslate":1,"minecraft:hay_block":2,"minecraft:cobblestone":6,"minecraft:spruce_sign":11,"minecraft:skeleton_skull":1,"minecraft:oak_sapling":70,"mna:vinteum_dust":1,"minecraft:glow_berries":2,"minecraft:coal":9,"minecraft:snowball":11,"minecraft:diamond_pickaxe":1},"minecraft:mined":{"minecraft:red_bed":3,"minecraft:cobblestone_stairs":1,"minecraft:jungle_leaves":1,"minecraft:dandelion":1,"minecraft:crafting_table":2,"minecraft:grass_block":382,"minecraft:campfire":1,"minecraft:coal_block":1,"minecraft:tall_grass":40,"minecraft:cobblestone":46,"minecraft:spruce_leaves":30,"minecraft:skeleton_skull":1,"minecraft:hay_block":1,"minecraft:coarse_dirt":175,"minecraft:raw_iron_block":3,"minecraft:birch_log":1,"minecraft:iron_ore":14,"minecraft:snow":12,"minecraft:spruce_log":5,"minecraft:pumpkin":2,"treechop:chopped_log":14,"minecraft:grass":43,"minecraft:coal_ore":13,"minecraft:flowering_azalea_leaves":2,"minecraft:dirt":240,"minecraft:azalea_leaves":1,"minecraft:stone":26,"minecraft:fern":6,"minecraft:oak_leaves":11,"minecraft:potted_allium":1},"minecraft:broken":{"minecraft:golden_axe":1},"minecraft:custom":{"minecraft:interact_with_furnace":6,"minecraft:mob_kills":22,"minecraft:interact_with_crafting_table":12,"minecraft:open_barrel":38,"minecraft:leave_game":2,"minecraft:time_since_death":120179,"minecraft:sleep_in_bed":3,"minecraft:climb_one_cm":5182,"minecraft:time_since_rest":19110,"minecraft:sprint_one_cm":380205,"minecraft:damage_taken":657,"minecraft:walk_one_cm":893247,"minecraft:drop":58,"minecraft:damage_dealt":3511,"minecraft:swim_one_cm":80431,"minecraft:target_hit":1,"minecraft:talked_to_villager":3,"minecraft:fly_one_cm":3019320,"minecraft:open_chest":61,"minecraft:crouch_one_cm":8316,"minecraft:play_time":120179,"minecraft:sneak_time":3838,"minecraft:walk_under_water_one_cm":58223,"minecraft:interact_with_lectern":28,"minecraft:jump":1032,"minecraft:interact_with_blast_furnace":1,"minecraft:walk_on_water_one_cm":36146,"minecraft:total_world_time":120179,"minecraft:fall_one_cm":26893}},"DataVersion":3465}