{"stats":{"minecraft:killed":{"minecraft:zombie":1},"minecraft:custom":{"minecraft:jump":45,"minecraft:time_since_rest":2529,"minecraft:damage_dealt":237,"minecraft:leave_game":1,"minecraft:deaths":1,"minecraft:sprint_one_cm":14379,"minecraft:play_time":4696,"minecraft:damage_taken":245,"minecraft:time_since_death":2481,"minecraft:walk_one_cm":7402,"minecraft:sneak_time":254,"minecraft:total_world_time":4696,"minecraft:mob_kills":1,"minecraft:fall_one_cm":1509,"minecraft:fly_one_cm":128707},"minecraft:killed_by":{"minecraft:zombie":1}},"DataVersion":3465}