{"stats":{"minecraft:custom":{"minecraft:jump":13,"minecraft:open_chest":3,"minecraft:time_since_rest":23840,"minecraft:crouch_one_cm":118,"minecraft:sprint_one_cm":1274,"minecraft:play_time":23840,"minecraft:damage_taken":50,"minecraft:time_since_death":23840,"minecraft:walk_one_cm":2194,"minecraft:sneak_time":854,"minecraft:total_world_time":23840,"minecraft:drop":2,"minecraft:fall_one_cm":756,"minecraft:fly_one_cm":455094,"minecraft:open_barrel":1},"minecraft:dropped":{"minecraft:stone":2},"minecraft:used":{"minecraft:stone":25,"minecraft:grass_block":2}},"DataVersion":3465}