{"stats":{"minecraft:killed":{"minecraft:vindicator":9,"minecraft:spider":8,"mna:pixie":3,"minecraft:horse":1,"minecraft:skeleton":12,"minecraft:chicken":1,"minecraft:drowned":1,"mna:barkling":4,"mna:spell_breaker":1,"minecraft:pig":1,"mna:witch_hunter":2,"minecraft:creeper":4,"minecraft:sheep":5,"minecraft:pillager":5,"minecraft:zombie":22,"minecraft:cow":4},"minecraft:picked_up":{"minecraft:iron_chestplate":5,"minecraft:charcoal":2,"minecraft:crafting_table":2,"minecraft:coarse_dirt":172,"minecraft:wheat":159,"minecraft:allium":1,"minecraft:chicken":1,"minecraft:flower_pot":1,"mna:sachet_air":2,"minecraft:crimson_planks":2,"mna:wand_prismarineshard":1,"minecraft:cornflower":2,"minecraft:red_bed":3,"minecraft:raw_copper":26,"minecraft:iron_axe":1,"minecraft:explorer_pottery_sherd":2,"minecraft:iron_shovel":2,"minecraft:experience_bottle":1,"mna:mark_of_the_fey":1,"minecraft:diamond_leggings":3,"minecraft:bucket":1,"minecraft:spruce_planks":13,"minecraft:beef":18,"minecraft:iron_pickaxe":6,"minecraft:spruce_slab":11,"minecraft:coal_block":1,"minecraft:birch_sapling":11,"minecraft:egg":1,"minecraft:spruce_pressure_plate":1,"minecraft:stick":230,"minecraft:raw_iron":26,"minecraft:oak_fence":1,"minecraft:torch":61,"minecraft:spruce_stairs":1,"epicfight:skillbook":2,"minecraft:fire_charge":1,"minecraft:porkchop":3,"minecraft:purple_terracotta":1,"minecraft:howl_pottery_sherd":2,"minecraft:arrow":57,"minecraft:rotten_flesh":21,"minecraft:tropical_fish":2,"minecraft:iron_block":1,"minecraft:hay_block":2,"minecraft:gold_ingot":16,"minecraft:mutton":11,"minecraft:white_wool":5,"mna:vinteum_dust":2,"minecraft:glow_berries":2,"minecraft:cobblestone":1883,"minecraft:snowball":11,"minecraft:skeleton_skull":1,"minecraft:oxeye_daisy":1,"minecraft:birch_log":45,"minecraft:cooked_beef":6,"minecraft:burn_pottery_sherd":2,"minecraft:water_bucket":5,"minecraft:andesite":301,"mna:sachet_water":19,"minecraft:leather":8,"minecraft:oak_log":65,"minecraft:gunpowder":53,"minecraft:cobblestone_stairs":1,"mna:sachet_arcane":2,"minecraft:dirt":288,"minecraft:lantern":3,"minecraft:leather_boots":1,"minecraft:bone":16,"minecraft:apple":2,"epicfight:iron_greatsword":5,"minecraft:bow":2,"minecraft:wheat_seeds":367,"minecraft:iron_ingot":16,"minecraft:cobweb":1,"minecraft:glass_bottle":1,"mna:cerublossom":3,"minecraft:arms_up_pottery_sherd":2,"minecraft:iron_sword":2,"minecraft:book":138,"minecraft:pumpkin":2,"minecraft:dandelion":4,"minecraft:raw_iron_block":3,"minecraft:jungle_planks":4,"minecraft:spruce_sapling":120,"mna:sachet_earth":2,"minecraft:spruce_log":574,"mna:aum":1,"minecraft:spider_eye":2,"minecraft:diamond_shovel":2,"minecraft:diamond":5,"minecraft:deepslate":1,"minecraft:iron_helmet":1,"minecraft:crossbow":3,"minecraft:diamond_axe":2,"minecraft:bone_meal":12,"minecraft:spruce_sign":11,"minecraft:bread":36,"minecraft:emerald":68,"minecraft:oak_sapling":77,"minecraft:coal":20,"minecraft:diamond_pickaxe":1},"minecraft:broken":{"mna:staff_chimerite":1,"minecraft:golden_axe":1,"minecraft:diamond_pickaxe":1,"minecraft:iron_pickaxe":3},"minecraft:crafted":{"minecraft:oak_planks":32,"minecraft:raw_iron":27,"minecraft:coal":9,"epicfight:iron_spear":1,"minecraft:bone_meal":30,"minecraft:diamond_shovel":1,"minecraft:iron_boots":1,"minecraft:spruce_slab":6,"epicfight:iron_greatsword":4,"minecraft:stone_hoe":1,"minecraft:wheat":9,"minecraft:diamond_axe":1,"minecraft:crafting_table":1,"minecraft:spruce_planks":208,"minecraft:iron_helmet":1,"minecraft:iron_sword":1,"minecraft:bucket":1,"minecraft:birch_planks":4,"minecraft:stone_axe":1,"minecraft:bread":56,"minecraft:air":0,"minecraft:stick":16,"quark:oak_chest":4,"minecraft:iron_ingot":19,"minecraft:iron_pickaxe":2},"minecraft:mined":{"minecraft:spruce_planks":1,"minecraft:cobblestone_stairs":1,"minecraft:jungle_leaves":1,"minecraft:potted_blue_orchid":1,"minecraft:chiseled_bookshelf":6,"minecraft:purple_terracotta":2,"minecraft:grass_block":388,"minecraft:decorated_pot":1,"minecraft:jungle_planks":4,"minecraft:coal_block":1,"minecraft:spruce_leaves":49,"minecraft:oxeye_daisy":1,"minecraft:spawner":1,"minecraft:hay_block":1,"minecraft:raw_iron_block":3,"minecraft:iron_ore":28,"minecraft:fire":3,"minecraft:snow":12,"mna:aum":1,"minecraft:andesite":330,"minecraft:pumpkin":2,"treechop:chopped_log":28,"minecraft:bookshelf":43,"minecraft:flowering_azalea_leaves":2,"minecraft:iron_block":1,"minecraft:azalea_leaves":1,"minecraft:spruce_slab":4,"minecraft:stone":2016,"minecraft:potted_allium":1,"minecraft:red_bed":3,"minecraft:dandelion":5,"minecraft:oak_fence":1,"minecraft:crafting_table":2,"minecraft:cornflower":2,"minecraft:torch":1,"mna:cerublossom":1,"minecraft:campfire":1,"minecraft:tall_grass":71,"minecraft:copper_ore":5,"minecraft:cobblestone":105,"minecraft:wall_torch":4,"minecraft:skeleton_skull":1,"minecraft:spruce_stairs":1,"minecraft:coarse_dirt":175,"minecraft:birch_log":1,"minecraft:wheat":112,"minecraft:spruce_log":36,"minecraft:stone_brick_stairs":2,"minecraft:grass":94,"minecraft:oak_log":5,"minecraft:coal_ore":21,"minecraft:sand":1,"minecraft:dirt":325,"minecraft:crimson_planks":2,"minecraft:oak_leaves":15,"minecraft:fern":7},"minecraft:dropped":{"minecraft:crimson_planks":2,"minecraft:water_bucket":2,"minecraft:spruce_sign":11,"minecraft:purple_terracotta":1,"minecraft:porkchop":3,"minecraft:wheat_seeds":48,"mna:staff_redstone":1,"mna:staff_prismarinecrystal":1,"minecraft:glass_bottle":2,"mcwbridges:balustrade_andesite_bridge":1,"mna:vinteum_dust":1,"minecraft:diamond_leggings":1,"mna:cerublossom":2,"minecraft:crossbow":2,"minecraft:cobblestone":7,"minecraft:jungle_planks":4,"minecraft:explorer_pottery_sherd":2,"minecraft:burn_pottery_sherd":2,"mna:sachet_air":2,"minecraft:tropical_fish":2,"minecraft:spruce_stairs":1,"minecraft:grass_block":2,"minecraft:stick":25,"minecraft:cobblestone_stairs":1,"minecraft:cobweb":1,"minecraft:oxeye_daisy":1,"minecraft:dirt":222,"mna:staff_cerublossom":1,"minecraft:cornflower":2,"minecraft:mutton":3,"epicfight:iron_greatsword":4,"minecraft:snowball":11,"minecraft:fire_charge":1,"minecraft:chain":4,"mna:guide_book":1,"minecraft:bone":4,"mna:wand_prismarineshard":1,"minecraft:white_wool":5,"minecraft:bucket":2,"minecraft:spruce_sapling":120,"minecraft:dandelion":4,"mna:wand_desertnova":1,"minecraft:sugar_cane":7,"minecraft:coarse_dirt":151,"minecraft:deepslate":2,"minecraft:birch_sapling":11,"mcwbridges:pliers":1,"minecraft:chicken":1,"minecraft:rotten_flesh":21,"minecraft:flint_and_steel":1,"minecraft:filled_map":1,"minecraft:flower_pot":1,"minecraft:gunpowder":4,"minecraft:allium":1,"mna:aum":1,"minecraft:spruce_planks":20,"minecraft:howl_pottery_sherd":2,"minecraft:charcoal":3,"minecraft:diamond_pickaxe":1,"minecraft:arms_up_pottery_sherd":2,"minecraft:oak_sapling":77,"minecraft:spider_eye":2,"minecraft:spruce_slab":5,"minecraft:spruce_log":5,"minecraft:arrow":116,"minecraft:bow":5,"minecraft:bread":40,"minecraft:egg":1,"minecraft:stone_hoe":1},"minecraft:custom":{"minecraft:mob_kills":85,"minecraft:interact_with_crafting_table":31,"minecraft:open_barrel":72,"minecraft:leave_game":4,"minecraft:time_since_death":54965,"minecraft:climb_one_cm":9921,"minecraft:sprint_one_cm":1307377,"minecraft:walk_one_cm":2287457,"minecraft:drop":156,"minecraft:damage_dealt_absorbed":54,"minecraft:talked_to_villager":3,"minecraft:target_hit":1,"minecraft:play_time":388192,"minecraft:deaths":7,"minecraft:sneak_time":15352,"minecraft:walk_under_water_one_cm":88921,"minecraft:interact_with_lectern":28,"minecraft:jump":3189,"minecraft:interact_with_blast_furnace":2,"minecraft:walk_on_water_one_cm":48320,"minecraft:total_world_time":388192,"minecraft:interact_with_furnace":14,"minecraft:sleep_in_bed":5,"minecraft:time_since_rest":54999,"minecraft:damage_taken":3747,"minecraft:damage_dealt":14178,"minecraft:swim_one_cm":128480,"minecraft:fly_one_cm":7425637,"minecraft:open_chest":161,"minecraft:crouch_one_cm":62974,"minecraft:interact_with_smoker":1,"minecraft:fall_one_cm":78836},"minecraft:used":{"minecraft:oak_fence":1,"mcwbridges:stone_brick_bridge":8,"mcwbridges:spruce_log_bridge_stair":5,"mcwbridges:spruce_log_bridge_middle":6,"minecraft:spruce_slab":3,"minecraft:spruce_planks":178,"minecraft:stone":2,"minecraft:stone_hoe":126,"minecraft:torch":37,"mcwbridges:asian_red_bridge":3,"minecraft:dirt":66,"mcwbridges:andesite_bridge":7,"minecraft:axolotl_bucket":1,"minecraft:lava_bucket":1,"epicfight:iron_greatsword":99,"minecraft:iron_axe":3,"minecraft:grass_block":156,"mcwbridges:spruce_rope_bridge_stair":6,"mcwbridges:rope_spruce_bridge":213,"minecraft:bow":14,"minecraft:hay_block":1,"minecraft:cooked_beef":6,"minecraft:cobbled_deepslate":3,"minecraft:golden_axe":68,"minecraft:wheat_seeds":210,"epicfight:skillbook":5,"minecraft:water_bucket":9,"epicfight:iron_spear":3,"minecraft:diamond_axe":371,"minecraft:glow_berries":2,"minecraft:crafting_table":3,"minecraft:red_bed":3,"minecraft:crossbow":37,"minecraft:spruce_log":29,"mna:cerublossom":1,"minecraft:diamond_pickaxe":1562,"minecraft:apple":22,"minecraft:diamond_shovel":927,"minecraft:bread":51,"minecraft:iron_pickaxe":994,"minecraft:spruce_pressure_plate":1,"minecraft:deepslate":3,"mcwbridges:cobblestone_bridge_stair":7,"mcwbridges:balustrade_andesite_bridge":176,"minecraft:stone_axe":49,"minecraft:cobblestone":379,"minecraft:potion":5,"minecraft:bucket":13,"quark:oak_chest":4,"minecraft:experience_bottle":1,"minecraft:coarse_dirt":21,"mcwbridges:cobblestone_bridge_pier":4,"minecraft:cobweb":3},"minecraft:killed_by":{"minecraft:player":1,"minecraft:pillager":2,"minecraft:vindicator":4}},"DataVersion":3465}