{"stats":{"minecraft:killed":{"minecraft:spider":12,"minecraft:skeleton":15,"minecraft:chicken":1,"mna:spell_breaker":1,"minecraft:pig":1,"minecraft:creeper":9,"minecraft:sheep":5,"minecraft:pillager":5,"minecraft:zombie":25,"minecraft:cow":4,"mna:skeleton_assassin":1,"minecraft:vindicator":9,"mna:pixie":3,"minecraft:horse":1,"minecraft:drowned":4,"mna:barkling":5,"minecraft:husk":186,"mna:witch_hunter":2,"minecraft:frog":8},"minecraft:killed_by":{"minecraft:pillager":2,"minecraft:vindicator":4,"minecraft:husk":6,"minecraft:player":1},"minecraft:crafted":{"minecraft:oak_planks":268,"quark:birch_chest":2,"epicfight:iron_spear":1,"minecraft:diamond_shovel":1,"minecraft:iron_boots":1,"minecraft:stone_hoe":1,"minecraft:diamond_axe":1,"minecraft:crafting_table":3,"minecraft:spruce_planks":260,"minecraft:iron_helmet":1,"minecraft:birch_planks":28,"minecraft:purple_dye":2,"minecraft:charcoal":64,"minecraft:stick":88,"quark:oak_chest":4,"minecraft:iron_pickaxe":8,"minecraft:iron_ingot":19,"minecraft:raw_iron":27,"minecraft:coal":27,"minecraft:bone_meal":54,"minecraft:scaffolding":24,"minecraft:iron_axe":1,"minecraft:spruce_slab":12,"epicfight:iron_greatsword":8,"minecraft:wheat":145,"minecraft:iron_sword":1,"minecraft:bucket":1,"minecraft:stone_axe":1,"minecraft:bread":98,"minecraft:air":0,"minecraft:torch":72},"minecraft:broken":{"minecraft:diamond_pickaxe":1,"minecraft:stone_axe":1,"minecraft:iron_sword":1,"epicfight:iron_greatsword":3,"mna:staff_chimerite":1,"minecraft:golden_axe":1,"minecraft:iron_pickaxe":8},"minecraft:used":{"mcwbridges:stone_brick_bridge":8,"mcwbridges:spruce_log_bridge_middle":6,"minecraft:spruce_slab":6,"minecraft:stone":147,"minecraft:iron_sword":325,"mcwbridges:asian_red_bridge":3,"mcwbridges:andesite_bridge":7,"minecraft:axolotl_bucket":1,"minecraft:lava_bucket":1,"minecraft:grass_block":156,"minecraft:bow":14,"minecraft:hay_block":1,"minecraft:oak_sapling":22,"epicfight:skillbook":25,"minecraft:dark_oak_sign":1,"minecraft:diamond_axe":371,"minecraft:glow_berries":2,"minecraft:sand":21,"minecraft:mushroom_stew":2,"minecraft:crossbow":37,"mna:cerublossom":1,"mna:vinteum_ore":1,"minecraft:bread":108,"minecraft:deepslate":3,"mcwbridges:balustrade_andesite_bridge":176,"minecraft:soul_lantern":1,"minecraft:andesite":64,"minecraft:waxed_cut_copper_stairs":2,"minecraft:coarse_dirt":21,"mcwbridges:cobblestone_bridge_pier":4,"minecraft:experience_bottle":1,"minecraft:cobweb":3,"minecraft:oak_fence":1,"quark:birch_chest":2,"mcwbridges:spruce_log_bridge_stair":5,"minecraft:spruce_planks":227,"minecraft:stone_hoe":126,"minecraft:torch":62,"minecraft:dirt":67,"minecraft:spyglass":3,"epicfight:iron_greatsword":856,"minecraft:iron_axe":34,"mcwbridges:spruce_rope_bridge_stair":6,"mcwbridges:rope_spruce_bridge":213,"minecraft:bamboo":38,"mcwbridges:andesite_bridge_stair":3,"minecraft:cooked_beef":15,"minecraft:cobbled_deepslate":3,"minecraft:golden_axe":68,"minecraft:calcite":1,"minecraft:wheat_seeds":303,"minecraft:water_bucket":12,"epicfight:iron_spear":3,"minecraft:stonecutter":1,"minecraft:crafting_table":7,"minecraft:red_bed":3,"minecraft:mangrove_sign":1,"minecraft:spruce_log":187,"minecraft:diamond_pickaxe":1562,"minecraft:apple":22,"minecraft:diamond_shovel":927,"minecraft:iron_pickaxe":2151,"minecraft:spruce_pressure_plate":1,"mcwbridges:cobblestone_bridge_stair":7,"minecraft:stone_axe":169,"minecraft:cobblestone":426,"minecraft:potion":6,"minecraft:bucket":15,"quark:oak_chest":4},"minecraft:picked_up":{"minecraft:iron_chestplate":9,"minecraft:wheat":223,"minecraft:flower_pot":3,"minecraft:lead":2,"minecraft:potion":5,"minecraft:crimson_planks":2,"mna:wand_prismarineshard":1,"minecraft:polished_deepslate":1,"minecraft:string":3,"minecraft:dark_oak_trapdoor":3,"minecraft:raw_copper":26,"minecraft:explorer_pottery_sherd":2,"minecraft:experience_bottle":1,"mna:mark_of_the_fey":1,"minecraft:diamond_leggings":3,"minecraft:bucket":1,"minecraft:spruce_planks":354,"minecraft:calcite":8,"minecraft:iron_pickaxe":10,"mna:guide_book":1,"minecraft:coal_block":3,"minecraft:iron_boots":1,"minecraft:spruce_pressure_plate":2,"minecraft:stick":509,"minecraft:oak_fence":1,"minecraft:torch":374,"minecraft:acacia_log":1,"minecraft:spruce_stairs":1,"epicfight:skillbook":16,"minecraft:porkchop":3,"aether:golden_gloves":4,"minecraft:waxed_cut_copper_stairs":6,"minecraft:rotten_flesh":241,"minecraft:tropical_fish":2,"minecraft:iron_block":1,"minecraft:obsidian":60,"minecraft:iron_bars":1,"minecraft:snowball":11,"minecraft:cobblestone":2342,"minecraft:birch_log":125,"minecraft:cooked_beef":6,"minecraft:water_bucket":10,"minecraft:andesite":642,"mna:sachet_water":19,"minecraft:potato":76,"mna:sachet_arcane":2,"minecraft:dirt":292,"minecraft:lantern":3,"minecraft:leather_boots":1,"minecraft:bone":31,"minecraft:bow":4,"epicfight:iron_greatsword":7,"minecraft:stonecutter":5,"minecraft:wheat_seeds":568,"minecraft:dark_oak_sign":1,"minecraft:bamboo":68,"mna:cerublossom":4,"minecraft:jungle_planks":4,"minecraft:sand":21,"minecraft:diamond":7,"minecraft:deepslate":1,"minecraft:soul_lantern":1,"minecraft:crossbow":3,"minecraft:bone_meal":18,"minecraft:bread":241,"minecraft:spruce_sign":12,"minecraft:emerald":90,"minecraft:oak_sapling":120,"minecraft:diamond_pickaxe":1,"minecraft:charcoal":2,"minecraft:crafting_table":4,"minecraft:coarse_dirt":173,"minecraft:allium":1,"minecraft:chicken":1,"mna:sachet_air":2,"minecraft:cornflower":3,"minecraft:flint_and_steel":1,"minecraft:red_bed":3,"minecraft:moss_carpet":1,"minecraft:iron_axe":2,"minecraft:iron_shovel":2,"mna:vinteum_ore":3,"minecraft:cyan_carpet":3,"minecraft:beef":18,"minecraft:player_head":2,"minecraft:spruce_slab":16,"minecraft:sugar_cane":63,"minecraft:birch_sapling":30,"minecraft:spruce_trapdoor":2,"minecraft:egg":1,"minecraft:raw_iron":26,"minecraft:sandstone":20,"minecraft:stripped_mangrove_wood":1,"minecraft:bowl":1,"minecraft:fire_charge":1,"minecraft:mangrove_sign":1,"minecraft:carrot":2,"minecraft:dark_oak_planks":1,"minecraft:purple_terracotta":1,"minecraft:howl_pottery_sherd":2,"minecraft:arrow":70,"minecraft:hay_block":19,"minecraft:glistering_melon_slice":12,"minecraft:gold_ingot":36,"minecraft:white_wool":5,"mna:vinteum_dust":22,"minecraft:glow_berries":2,"minecraft:mutton":11,"minecraft:skeleton_skull":1,"minecraft:oxeye_daisy":1,"minecraft:burn_pottery_sherd":2,"minecraft:leather":8,"minecraft:birch_planks":15,"minecraft:mushroom_stew":4,"minecraft:oak_log":137,"minecraft:gunpowder":57,"minecraft:cobblestone_stairs":1,"minecraft:apple":18,"minecraft:heart_of_the_sea":4,"minecraft:iron_ingot":117,"minecraft:cobweb":1,"minecraft:glass_bottle":1,"minecraft:mangrove_planks":1,"minecraft:iron_sword":4,"minecraft:arms_up_pottery_sherd":2,"minecraft:dark_oak_stairs":1,"minecraft:book":187,"minecraft:pumpkin":2,"minecraft:stone_brick_slab":1,"minecraft:dandelion":4,"minecraft:spyglass":4,"minecraft:raw_iron_block":3,"minecraft:gravel":1,"minecraft:amethyst_shard":4,"minecraft:spruce_sapling":123,"minecraft:spruce_log":758,"mna:aum":2,"minecraft:spider_eye":4,"mna:sachet_earth":2,"minecraft:diamond_shovel":2,"minecraft:stone_axe":5,"minecraft:iron_helmet":4,"minecraft:diamond_axe":2,"minecraft:coal":39},"minecraft:dropped":{"minecraft:spruce_sign":12,"minecraft:iron_sword":2,"minecraft:birch_planks":15,"minecraft:moss_block":4,"minecraft:porkchop":3,"minecraft:stripped_mangrove_wood":1,"mna:staff_redstone":1,"minecraft:oak_log":7,"minecraft:glass_bottle":3,"mna:vinteum_dust":1,"mna:cerublossom":2,"minecraft:crossbow":2,"minecraft:jungle_planks":4,"minecraft:mangrove_planks":1,"mna:sachet_air":2,"minecraft:cobblestone_stairs":1,"minecraft:dirt":225,"minecraft:cornflower":3,"minecraft:mutton":3,"minecraft:dark_oak_trapdoor":3,"minecraft:snowball":11,"minecraft:chain":4,"minecraft:bone_meal":12,"minecraft:dark_oak_planks":1,"minecraft:birch_log":74,"minecraft:white_wool":5,"minecraft:cyan_carpet":3,"minecraft:bone":13,"minecraft:stone_axe":1,"minecraft:waxed_cut_copper_stairs":4,"minecraft:sugar_cane":13,"aether:golden_gloves":1,"minecraft:wheat":103,"minecraft:birch_sapling":30,"minecraft:obsidian":12,"minecraft:rotten_flesh":303,"minecraft:oak_planks":196,"minecraft:carrot":1,"minecraft:gunpowder":13,"minecraft:charcoal":3,"minecraft:spruce_pressure_plate":1,"minecraft:leather_boots":1,"minecraft:acacia_sapling":1,"minecraft:arms_up_pottery_sherd":2,"minecraft:spruce_slab":8,"minecraft:iron_bars":1,"minecraft:arrow":129,"minecraft:egg":1,"minecraft:crimson_planks":2,"minecraft:stone_hoe":1,"minecraft:water_bucket":2,"minecraft:bread":123,"minecraft:purple_terracotta":1,"minecraft:wheat_seeds":52,"mna:staff_prismarinecrystal":1,"mcwbridges:balustrade_andesite_bridge":1,"minecraft:diamond_leggings":1,"minecraft:iron_helmet":1,"minecraft:cobblestone":98,"minecraft:prismarine_crystals":4,"minecraft:apple":12,"minecraft:explorer_pottery_sherd":2,"minecraft:burn_pottery_sherd":2,"minecraft:tropical_fish":2,"minecraft:purple_dye":2,"minecraft:spruce_stairs":1,"minecraft:acacia_log":1,"minecraft:grass_block":2,"minecraft:coal":28,"minecraft:mushroom_stew":1,"minecraft:stick":81,"minecraft:oxeye_daisy":1,"minecraft:cobweb":1,"mna:staff_cerublossom":1,"epicfight:iron_greatsword":6,"minecraft:fire_charge":1,"minecraft:potion":4,"minecraft:iron_axe":1,"minecraft:string":3,"mna:wand_prismarineshard":1,"minecraft:stone_brick_slab":1,"minecraft:gray_carpet":6,"minecraft:bucket":2,"minecraft:polished_deepslate":1,"minecraft:spruce_sapling":123,"minecraft:dandelion":4,"mna:guide_book":1,"minecraft:moss_carpet":1,"mna:wand_desertnova":1,"mcwbridges:andesite_bridge_stair":1,"minecraft:player_head":1,"minecraft:coarse_dirt":152,"minecraft:bowl":3,"minecraft:deepslate":2,"mcwbridges:pliers":1,"minecraft:tall_grass":1,"minecraft:chicken":1,"minecraft:iron_boots":1,"minecraft:flint_and_steel":2,"minecraft:suspicious_stew":1,"minecraft:filled_map":2,"minecraft:potato":18,"minecraft:hay_block":1,"minecraft:stone":2,"minecraft:flower_pot":2,"minecraft:allium":1,"mna:aum":2,"minecraft:spruce_trapdoor":2,"minecraft:spruce_planks":218,"minecraft:diamond_pickaxe":1,"minecraft:howl_pottery_sherd":2,"minecraft:andesite":21,"minecraft:oak_sapling":98,"minecraft:spider_eye":4,"minecraft:spruce_log":83,"minecraft:sandstone":20,"minecraft:bow":5,"minecraft:calcite":7,"epicfight:skillbook":5},"minecraft:custom":{"minecraft:interact_with_crafting_table":51,"minecraft:open_barrel":93,"minecraft:eat_cake_slice":7,"minecraft:leave_game":4,"minecraft:time_since_death":154755,"minecraft:sprint_one_cm":1957163,"minecraft:drop":359,"minecraft:talked_to_villager":7,"minecraft:play_time":645777,"minecraft:deaths":14,"minecraft:jump":4552,"minecraft:walk_on_water_one_cm":62041,"minecraft:interact_with_furnace":25,"minecraft:sleep_in_bed":7,"minecraft:damage_dealt":93174,"minecraft:player_kills":3,"minecraft:crouch_one_cm":74440,"minecraft:interact_with_smoker":2,"minecraft:mob_kills":300,"minecraft:climb_one_cm":15669,"minecraft:walk_one_cm":3605294,"minecraft:damage_dealt_absorbed":54,"minecraft:target_hit":1,"minecraft:sneak_time":18995,"minecraft:walk_under_water_one_cm":123418,"minecraft:interact_with_lectern":28,"minecraft:interact_with_blast_furnace":6,"minecraft:total_world_time":645777,"minecraft:interact_with_stonecutter":1,"minecraft:time_since_rest":62790,"minecraft:damage_taken":8960,"minecraft:swim_one_cm":193647,"minecraft:fly_one_cm":8211240,"minecraft:open_chest":238,"minecraft:fall_one_cm":115490},"minecraft:mined":{"minecraft:dark_oak_planks":1,"minecraft:spruce_planks":4,"minecraft:oak_sapling":2,"minecraft:farmland":1,"minecraft:cobblestone_stairs":1,"minecraft:jungle_leaves":1,"minecraft:potted_blue_orchid":1,"minecraft:acacia_log":1,"minecraft:grass_block":393,"minecraft:coal_block":3,"minecraft:oxeye_daisy":1,"minecraft:spawner":1,"minecraft:tall_seagrass":1,"minecraft:raw_iron_block":3,"minecraft:dark_oak_trapdoor":3,"minecraft:iron_ore":28,"minecraft:fire":3,"minecraft:pumpkin":2,"minecraft:dark_oak_stairs":2,"minecraft:flowering_azalea_leaves":2,"minecraft:iron_bars":1,"minecraft:spruce_pressure_plate":1,"minecraft:potted_cornflower":1,"minecraft:azalea_leaves":1,"minecraft:stripped_mangrove_wood":1,"minecraft:iron_block":1,"minecraft:spruce_slab":4,"minecraft:waxed_cut_copper_stairs":2,"minecraft:red_bed":3,"minecraft:amethyst_cluster":1,"minecraft:torch":7,"minecraft:calcite":8,"mna:cerublossom":2,"minecraft:cobblestone":170,"minecraft:potted_oak_sapling":1,"minecraft:sugar_cane":20,"minecraft:wall_torch":12,"minecraft:skeleton_skull":1,"minecraft:birch_log":1,"minecraft:wheat":202,"minecraft:birch_trapdoor":2,"minecraft:stone_brick_stairs":2,"minecraft:grass":106,"minecraft:oak_log":6,"minecraft:sand":24,"minecraft:dirt":325,"minecraft:crimson_planks":2,"minecraft:stonecutter":1,"minecraft:oak_leaves":18,"minecraft:mangrove_wall_sign":2,"minecraft:sea_lantern":1,"minecraft:chiseled_bookshelf":6,"minecraft:purple_terracotta":2,"minecraft:decorated_pot":1,"minecraft:jungle_planks":4,"minecraft:mangrove_trapdoor":2,"minecraft:spruce_leaves":49,"mna:vinteum_ore":1,"minecraft:sandstone":10,"minecraft:hay_block":17,"minecraft:snow":12,"mna:aum":2,"minecraft:andesite":756,"treechop:chopped_log":36,"minecraft:bookshelf":48,"minecraft:potatoes":3,"minecraft:bamboo":6,"minecraft:bamboo_sapling":4,"minecraft:stone":2642,"minecraft:potted_allium":1,"minecraft:acacia_leaves":6,"minecraft:stone_brick_slab":3,"minecraft:dandelion":5,"minecraft:oak_fence":1,"minecraft:crafting_table":4,"minecraft:cornflower":2,"minecraft:campfire":1,"minecraft:tall_grass":74,"minecraft:copper_ore":5,"minecraft:deepslate_coal_ore":1,"minecraft:spruce_stairs":1,"minecraft:birch_planks":15,"minecraft:coarse_dirt":176,"minecraft:spruce_log":51,"minecraft:mangrove_planks":1,"minecraft:coal_ore":23,"minecraft:cyan_carpet":4,"minecraft:gray_carpet":3,"minecraft:fern":7}},"DataVersion":3465}