{"stats":{"minecraft:broken":{"minecraft:golden_axe":1,"minecraft:diamond_pickaxe":1,"minecraft:iron_pickaxe":2},"minecraft:killed":{"minecraft:spider":3,"mna:pixie":3,"minecraft:skeleton":2,"mna:barkling":1,"minecraft:zombie":12},"minecraft:custom":{"minecraft:mob_kills":23,"minecraft:interact_with_crafting_table":12,"minecraft:open_barrel":39,"minecraft:leave_game":3,"minecraft:time_since_death":285882,"minecraft:climb_one_cm":5182,"minecraft:sprint_one_cm":688151,"minecraft:walk_one_cm":1606225,"minecraft:drop":80,"minecraft:talked_to_villager":3,"minecraft:target_hit":1,"minecraft:play_time":285882,"minecraft:sneak_time":14854,"minecraft:walk_under_water_one_cm":77266,"minecraft:interact_with_lectern":28,"minecraft:jump":1829,"minecraft:interact_with_blast_furnace":1,"minecraft:walk_on_water_one_cm":41486,"minecraft:total_world_time":285882,"minecraft:interact_with_furnace":6,"minecraft:sleep_in_bed":5,"minecraft:time_since_rest":150680,"minecraft:damage_taken":1237,"minecraft:damage_dealt":4232,"minecraft:swim_one_cm":103500,"minecraft:fly_one_cm":6726609,"minecraft:open_chest":77,"minecraft:crouch_one_cm":59755,"minecraft:fall_one_cm":38309},"minecraft:mined":{"minecraft:spruce_planks":1,"minecraft:cobblestone_stairs":1,"minecraft:jungle_leaves":1,"minecraft:grass_block":384,"minecraft:coal_block":1,"minecraft:spruce_leaves":49,"minecraft:oxeye_daisy":1,"minecraft:hay_block":1,"minecraft:raw_iron_block":3,"minecraft:iron_ore":28,"minecraft:fire":3,"minecraft:snow":12,"mna:aum":1,"minecraft:andesite":216,"minecraft:pumpkin":2,"treechop:chopped_log":28,"minecraft:flowering_azalea_leaves":2,"minecraft:azalea_leaves":1,"minecraft:stone":1709,"minecraft:potted_allium":1,"minecraft:red_bed":3,"minecraft:dandelion":5,"minecraft:crafting_table":2,"minecraft:cornflower":2,"minecraft:torch":1,"mna:cerublossom":1,"minecraft:campfire":1,"minecraft:tall_grass":53,"minecraft:copper_ore":5,"minecraft:cobblestone":61,"minecraft:wall_torch":4,"minecraft:skeleton_skull":1,"minecraft:coarse_dirt":175,"minecraft:birch_log":1,"minecraft:spruce_log":36,"minecraft:grass":82,"minecraft:oak_log":4,"minecraft:coal_ore":21,"minecraft:dirt":325,"minecraft:oak_leaves":15,"minecraft:fern":7},"minecraft:crafted":{"minecraft:oak_planks":32,"minecraft:raw_iron":27,"minecraft:coal":9,"minecraft:diamond_shovel":1,"epicfight:iron_greatsword":2,"minecraft:wheat":9,"minecraft:diamond_axe":1,"minecraft:spruce_planks":188,"minecraft:air":0,"minecraft:stick":16,"quark:oak_chest":4,"minecraft:iron_ingot":6},"minecraft:picked_up":{"minecraft:charcoal":2,"minecraft:crafting_table":2,"minecraft:coarse_dirt":172,"minecraft:allium":1,"minecraft:flower_pot":1,"mna:sachet_air":2,"mna:wand_prismarineshard":1,"minecraft:cornflower":2,"minecraft:red_bed":3,"minecraft:raw_copper":26,"minecraft:iron_shovel":1,"mna:mark_of_the_fey":1,"minecraft:diamond_leggings":1,"minecraft:bucket":1,"minecraft:spruce_planks":1,"minecraft:iron_pickaxe":2,"minecraft:coal_block":1,"minecraft:birch_sapling":11,"minecraft:spruce_pressure_plate":1,"minecraft:stick":97,"minecraft:raw_iron":26,"minecraft:torch":45,"minecraft:fire_charge":1,"minecraft:arrow":2,"minecraft:rotten_flesh":11,"minecraft:tropical_fish":2,"minecraft:hay_block":2,"mna:vinteum_dust":2,"minecraft:glow_berries":2,"minecraft:cobblestone":1553,"minecraft:skeleton_skull":1,"minecraft:snowball":11,"minecraft:oxeye_daisy":1,"minecraft:birch_log":19,"minecraft:water_bucket":1,"minecraft:andesite":188,"minecraft:oak_log":49,"minecraft:cobblestone_stairs":1,"minecraft:dirt":284,"minecraft:lantern":3,"minecraft:apple":2,"minecraft:bow":1,"minecraft:wheat_seeds":57,"minecraft:glass_bottle":1,"mna:cerublossom":3,"minecraft:pumpkin":2,"minecraft:dandelion":4,"minecraft:raw_iron_block":3,"minecraft:spruce_sapling":120,"minecraft:spruce_log":318,"mna:aum":1,"minecraft:spider_eye":1,"minecraft:deepslate":1,"minecraft:spruce_sign":11,"minecraft:oak_sapling":77,"minecraft:coal":20,"minecraft:diamond_pickaxe":1},"minecraft:dropped":{"minecraft:water_bucket":1,"minecraft:spruce_sign":11,"minecraft:wheat_seeds":46,"mna:vinteum_dust":1,"minecraft:diamond_leggings":1,"mna:cerublossom":2,"minecraft:cobblestone":6,"mna:sachet_air":2,"minecraft:tropical_fish":2,"minecraft:grass_block":1,"minecraft:stick":25,"minecraft:cobblestone_stairs":1,"minecraft:oxeye_daisy":1,"minecraft:dirt":220,"minecraft:cornflower":2,"epicfight:iron_greatsword":1,"minecraft:snowball":11,"minecraft:fire_charge":1,"minecraft:chain":4,"mna:wand_prismarineshard":1,"minecraft:bucket":2,"minecraft:spruce_sapling":120,"minecraft:dandelion":4,"minecraft:coarse_dirt":151,"minecraft:deepslate":2,"minecraft:birch_sapling":11,"minecraft:rotten_flesh":11,"minecraft:flower_pot":1,"minecraft:allium":1,"mna:aum":1,"minecraft:spruce_planks":7,"minecraft:charcoal":3,"minecraft:diamond_pickaxe":1,"minecraft:oak_sapling":77,"minecraft:spider_eye":1,"minecraft:spruce_log":5,"minecraft:arrow":31,"minecraft:bow":3},"minecraft:used":{"mcwbridges:stone_brick_bridge":8,"mcwbridges:spruce_log_bridge_stair":5,"mcwbridges:spruce_log_bridge_middle":6,"minecraft:spruce_planks":172,"minecraft:stone":2,"minecraft:torch":36,"mcwbridges:asian_red_bridge":3,"minecraft:dirt":64,"mcwbridges:andesite_bridge":7,"minecraft:axolotl_bucket":1,"minecraft:lava_bucket":1,"epicfight:iron_greatsword":4,"minecraft:grass_block":156,"mcwbridges:spruce_rope_bridge_stair":6,"mcwbridges:rope_spruce_bridge":213,"minecraft:bow":14,"minecraft:hay_block":1,"minecraft:cobbled_deepslate":3,"minecraft:golden_axe":68,"minecraft:water_bucket":7,"minecraft:diamond_axe":359,"minecraft:glow_berries":2,"minecraft:crafting_table":2,"minecraft:red_bed":3,"minecraft:crossbow":1,"minecraft:spruce_log":29,"mna:cerublossom":1,"minecraft:diamond_pickaxe":1562,"minecraft:apple":22,"minecraft:diamond_shovel":927,"minecraft:bread":31,"minecraft:iron_pickaxe":496,"minecraft:spruce_pressure_plate":1,"mcwbridges:cobblestone_bridge_stair":7,"minecraft:deepslate":3,"mcwbridges:balustrade_andesite_bridge":176,"minecraft:cobblestone":210,"minecraft:potion":3,"minecraft:bucket":10,"quark:oak_chest":4,"minecraft:coarse_dirt":21,"mcwbridges:cobblestone_bridge_pier":4}},"DataVersion":3465}