{"stats":{"minecraft:custom":{"minecraft:interact_with_furnace":8,"minecraft:mob_kills":34,"minecraft:interact_with_crafting_table":1,"minecraft:interact_with_cartography_table":1,"minecraft:tune_noteblock":1,"minecraft:open_barrel":10,"minecraft:interact_with_stonecutter":1,"minecraft:leave_game":1,"minecraft:time_since_death":4199,"minecraft:climb_one_cm":36388,"minecraft:time_since_rest":4313,"minecraft:sprint_one_cm":226049,"minecraft:damage_taken":6134,"minecraft:walk_one_cm":463403,"minecraft:drop":14,"minecraft:damage_dealt":7005,"minecraft:swim_one_cm":18341,"minecraft:talked_to_villager":1,"minecraft:fly_one_cm":366175,"minecraft:open_chest":12,"minecraft:play_time":110678,"minecraft:crouch_one_cm":6262,"minecraft:deaths":12,"minecraft:sneak_time":4424,"minecraft:walk_under_water_one_cm":6312,"minecraft:jump":1864,"minecraft:walk_on_water_one_cm":7305,"minecraft:total_world_time":110678,"minecraft:inspect_dispenser":3,"minecraft:fall_one_cm":90566},"minecraft:broken":{"minecraft:stone_sword":2,"minecraft:stone_axe":2},"minecraft:mined":{"quark:shale":7,"minecraft:crafting_table":1,"biomesoplenty:dead_leaves":2,"minecraft:lever":1,"minecraft:grass_block":2,"minecraft:oak_planks":1,"minecraft:grindstone":1,"minecraft:hay_block":1,"minecraft:black_stained_glass_pane":1,"minecraft:wheat":6,"minecraft:barrel":1,"minecraft:sweet_berry_bush":1,"minecraft:ice":1,"biomesoplenty:violet":1,"treechop:chopped_log":2,"minecraft:pumpkin_stem":17,"minecraft:pumpkin":4,"minecraft:grass":1,"minecraft:coal_ore":26,"minecraft:stonecutter":1,"minecraft:stone":12,"minecraft:redstone_wall_torch":1,"minecraft:fern":1,"minecraft:spruce_slab":6,"minecraft:tripwire":1},"minecraft:killed_by":{"minecraft:skeleton":6,"minecraft:creeper":1,"minecraft:zombie":1,"minecraft:drowned":1},"minecraft:killed":{"minecraft:sheep":13,"minecraft:skeleton":15,"minecraft:zombie":1,"minecraft:chicken":2,"minecraft:drowned":2},"minecraft:crafted":{"minecraft:bread":2,"minecraft:cooked_mutton":3},"minecraft:used":{"minecraft:cooked_mutton":1,"minecraft:stone_sword":236,"minecraft:stone_pickaxe":56,"minecraft:dirt":1,"minecraft:crafting_table":1,"minecraft:chiseled_quartz_block":3,"minecraft:redstone_torch":1,"minecraft:mangrove_log":4,"minecraft:string":1,"minecraft:light_gray_concrete":1,"minecraft:bread":6,"minecraft:iron_pickaxe":26,"minecraft:barrel":1,"minecraft:stone_axe":118,"minecraft:sweet_berries":4,"minecraft:smooth_stone_slab":2,"biomesoplenty:fir_log":1},"minecraft:dropped":{"minecraft:enchanted_book":1,"minecraft:stone_axe":1,"minecraft:wheat_seeds":15,"minecraft:stone_sword":1,"minecraft:oak_log":22,"minecraft:cobblestone":7,"minecraft:light_gray_wool":1,"minecraft:clay_ball":1,"biomesoplenty:violet":2,"minecraft:grass":1,"minecraft:spruce_trapdoor":3,"minecraft:stone_pickaxe":1,"minecraft:bone":1},"minecraft:picked_up":{"minecraft:nautilus_shell":3,"minecraft:mud":36,"minecraft:crafting_table":4,"minecraft:wheat":12,"minecraft:feather":4,"minecraft:chicken":6,"minecraft:clay_ball":1,"minecraft:redstone_lamp":34,"minecraft:chiseled_quartz_block":10,"biomesoplenty:fir_sapling":110,"biomesoplenty:fir_log":614,"biomesoplenty:violet":2,"minecraft:enchanted_book":1,"minecraft:stone_brick_stairs":2,"minecraft:oak_log":52,"minecraft:string":6,"minecraft:dirt":1,"minecraft:raw_copper":14,"minecraft:smooth_stone_slab":2,"minecraft:red_carpet":3,"minecraft:bone":37,"minecraft:stonecutter":1,"minecraft:wheat_seeds":34,"minecraft:raw_gold":12,"minecraft:redstone_torch":1,"minecraft:spruce_planks":25,"minecraft:beef":8,"minecraft:grindstone":1,"minecraft:stone_pickaxe":10,"minecraft:oak_boat":2,"minecraft:light_gray_wool":4,"minecraft:smooth_quartz":7,"minecraft:iron_pickaxe":1,"minecraft:spruce_slab":12,"minecraft:lectern":1,"minecraft:moss_block":1,"minecraft:coal_block":14,"minecraft:oak_planks":117,"minecraft:piston":14,"minecraft:spruce_trapdoor":6,"minecraft:mangrove_log":37,"minecraft:furnace":6,"minecraft:book":23,"minecraft:raw_iron":3,"minecraft:dark_oak_sapling":1,"minecraft:stick":131,"minecraft:stone":21,"minecraft:pumpkin":4,"minecraft:sweet_berries":21,"quark:shale":7,"minecraft:torch":31,"minecraft:quartz":40,"minecraft:spruce_stairs":2,"minecraft:sandstone_wall":2,"minecraft:stripped_spruce_log":2,"minecraft:spruce_sapling":1,"minecraft:spruce_log":22,"minecraft:redstone":58,"minecraft:barrel":1,"minecraft:light_gray_concrete":30,"minecraft:stone_sword":5,"biomesoplenty:maple_sapling":3,"minecraft:pumpkin_seeds":32,"minecraft:arrow":56,"minecraft:rotten_flesh":10,"minecraft:stone_axe":7,"minecraft:lever":1,"minecraft:hay_block":1,"minecraft:grass":1,"minecraft:bread":9,"minecraft:glow_berries":13,"minecraft:mutton":49,"minecraft:coal":223,"minecraft:snowball":13,"minecraft:white_wool":18,"minecraft:cobblestone":40}},"DataVersion":3465}