{"stats":{"minecraft:picked_up":{"minecraft:birch_log":9,"minecraft:iron_chestplate":4,"minecraft:crafting_table":6,"minecraft:chicken":1,"minecraft:water_bucket":1,"minecraft:golden_boots":2,"minecraft:dirt":1,"minecraft:string":8,"minecraft:iron_leggings":2,"biomesoplenty:snowblossom_sapling":7,"minecraft:cooked_mutton":24,"minecraft:bone":10,"minecraft:stone_bricks":9,"minecraft:bow":4,"minecraft:gold_nugget":46,"minecraft:iron_pickaxe":2,"quark:music_disc_chatter":1,"minecraft:iron_sword":4,"minecraft:birch_sapling":5,"minecraft:oak_planks":5,"minecraft:phantom_membrane":1,"minecraft:iron_boots":2,"minecraft:egg":1,"minecraft:stick":4,"minecraft:torch":58,"minecraft:gravel":2,"epicfight:skillbook":2,"minecraft:porkchop":3,"minecraft:jungle_planks":1,"minecraft:cherry_log":10,"minecraft:spruce_log":9,"mna:sachet_ender":1,"biomesoplenty:bramble":10,"minecraft:arrow":9,"minecraft:rotten_flesh":10,"minecraft:stone_axe":1,"aether:chainmail_gloves":2,"mna:wakebloom":3,"minecraft:bread":32,"minecraft:netherrack":12,"minecraft:coal":34,"minecraft:cobblestone":84},"minecraft:killed":{"minecraft:pig":1,"minecraft:zombie_villager":1,"minecraft:spider":3,"minecraft:phantom":3,"minecraft:skeleton":10,"minecraft:zombie":2,"minecraft:chicken":1},"minecraft:used":{"minecraft:cooked_mutton":6,"epicfight:skillbook":2,"minecraft:flint_and_steel":1,"minecraft:wooden_pickaxe":46,"minecraft:iron_sword":78,"minecraft:rotten_flesh":5,"minecraft:netherrack":3,"minecraft:torch":14,"minecraft:crafting_table":5,"minecraft:wooden_axe":10,"minecraft:bread":30,"minecraft:iron_pickaxe":12,"minecraft:stone_axe":3,"minecraft:cobblestone":8,"minecraft:bucket":1},"minecraft:mined":{"minecraft:nether_gold_ore":6,"minecraft:crafting_table":5,"biomesoplenty:bramble":12,"biomesoplenty:high_grass_plant":1,"minecraft:tall_grass":1,"minecraft:cobblestone":2,"biomesoplenty:sprout":3,"mna:wakebloom":3,"biomesoplenty:bramble_leaves":5,"minecraft:fire":1,"minecraft:ice":1,"minecraft:spruce_log":9,"treechop:chopped_log":2,"minecraft:grass":1,"minecraft:coal_ore":24,"minecraft:gravel":2,"minecraft:stone":15,"minecraft:netherrack":6},"minecraft:crafted":{"minecraft:crafting_table":1,"minecraft:wooden_pickaxe":1,"minecraft:bucket":1,"minecraft:birch_planks":36,"minecraft:cooked_mutton":2,"minecraft:air":0,"minecraft:stick":4,"minecraft:wooden_axe":1},"minecraft:custom":{"minecraft:interact_with_furnace":6,"minecraft:mob_kills":22,"minecraft:interact_with_crafting_table":2,"minecraft:open_barrel":1,"minecraft:leave_game":2,"minecraft:time_since_death":8597,"minecraft:sleep_in_bed":3,"minecraft:climb_one_cm":3648,"minecraft:time_since_rest":8685,"minecraft:sprint_one_cm":109886,"minecraft:damage_taken":2251,"minecraft:walk_one_cm":1570836,"minecraft:drop":9,"minecraft:damage_dealt":3223,"minecraft:damage_dealt_absorbed":76,"minecraft:swim_one_cm":76538,"minecraft:fly_one_cm":59236,"minecraft:open_chest":46,"minecraft:crouch_one_cm":20180,"minecraft:play_time":128933,"minecraft:deaths":1,"minecraft:sneak_time":3196,"minecraft:walk_under_water_one_cm":19587,"minecraft:boat_one_cm":238479,"minecraft:jump":1336,"minecraft:interact_with_blast_furnace":1,"minecraft:walk_on_water_one_cm":36425,"minecraft:total_world_time":128933,"minecraft:fall_one_cm":22373},"minecraft:dropped":{"minecraft:iron_sword":1,"minecraft:iron_boots":1,"minecraft:phantom_membrane":1,"minecraft:iron_pickaxe":1,"minecraft:string":8}},"DataVersion":3465}