{"stats":{"minecraft:picked_up":{"minecraft:iron_chestplate":14,"biomesoplenty:burning_blossom":2,"minecraft:wheat":57,"minecraft:flower_pot":1,"minecraft:lead":3,"minecraft:oak_stairs":4,"minecraft:potion":3,"minecraft:enchanted_book":1,"minecraft:stone_brick_stairs":3,"minecraft:brewing_stand":1,"minecraft:polished_deepslate_wall":2,"minecraft:cod_bucket":1,"minecraft:waxed_cut_copper_slab":2,"minecraft:dead_tube_coral_block":2,"minecraft:string":16,"minecraft:dark_oak_trapdoor":1,"minecraft:raw_copper":75,"minecraft:red_nether_bricks":21,"minecraft:iron_leggings":6,"minecraft:purple_banner":2,"minecraft:zombie_head":1,"minecraft:oak_sign":1,"minecraft:beetroot":5,"minecraft:orange_concrete_powder":1,"minecraft:diamond_leggings":2,"minecraft:gold_nugget":25,"minecraft:bucket":3,"minecraft:spruce_planks":420,"minecraft:light_weighted_pressure_plate":1,"minecraft:rose_bush":6,"minecraft:cobblestone_slab":1,"minecraft:calcite":156,"minecraft:iron_pickaxe":17,"minecraft:azalea_leaves":9,"mna:guide_book":4,"minecraft:coal_block":10,"minecraft:iron_boots":15,"minecraft:furnace":3,"minecraft:spruce_pressure_plate":1,"minecraft:stick":476,"minecraft:sheaf_pottery_sherd":1,"minecraft:birch_trapdoor":1,"minecraft:torch":264,"minecraft:spruce_stairs":3,"epicfight:skillbook":16,"minecraft:porkchop":59,"minecraft:cherry_log":37,"minecraft:diorite":3,"aether:golden_gloves":1,"mna:sachet_ender":1,"minecraft:cauldron":3,"minecraft:rabbit_foot":1,"minecraft:waxed_cut_copper_stairs":4,"minecraft:rotten_flesh":114,"minecraft:tropical_fish":2,"aether:chainmail_gloves":1,"mna:constructs/construct_fluid_nozzle_right_wood":1,"minecraft:iron_block":2,"minecraft:tadpole_bucket":1,"epicfight:stray_robe":2,"minecraft:iron_bars":2,"minecraft:cod":6,"minecraft:snowball":3,"minecraft:cobblestone":1646,"minecraft:nautilus_shell":1,"minecraft:birch_log":177,"minecraft:cooked_beef":27,"minecraft:feather":9,"minecraft:lilac":4,"minecraft:water_bucket":8,"minecraft:andesite":314,"mna:sachet_water":2,"minecraft:brown_wool":1,"minecraft:smoker":2,"minecraft:potato":30,"minecraft:flint":24,"minecraft:mangrove_slab":1,"minecraft:dirt":503,"minecraft:lantern":3,"mna:sachet_arcane":2,"biomesoplenty:snowblossom_sapling":43,"minecraft:leather_boots":3,"minecraft:bone":47,"minecraft:stonecutter":1,"epicfight:iron_greatsword":6,"minecraft:bow":10,"minecraft:wheat_seeds":138,"minecraft:dark_oak_sign":11,"minecraft:mossy_stone_bricks":23,"minecraft:rabbit":2,"mna:cerublossom":1,"minecraft:oak_planks":211,"minecraft:cooked_porkchop":74,"minecraft:jungle_planks":1,"minecraft:sand":132,"minecraft:ink_sac":2,"minecraft:dark_prismarine":20,"minecraft:diamond":2,"minecraft:spruce_boat":3,"minecraft:angler_pottery_sherd":1,"minecraft:soul_lantern":2,"minecraft:writable_book":1,"minecraft:crossbow":3,"mna:wakebloom":5,"minecraft:emerald":12,"minecraft:spruce_sign":4,"minecraft:bread":548,"minecraft:oak_sapling":25,"minecraft:netherrack":177,"minecraft:mud_brick_slab":5,"quark:crimson_chest":5,"minecraft:charcoal":10,"minecraft:coarse_dirt":175,"minecraft:shelter_pottery_sherd":1,"minecraft:crafting_table":5,"minecraft:chicken":6,"minecraft:clay_ball":3,"mna:sachet_air":6,"minecraft:orange_banner":1,"minecraft:chain":2,"mcwbridges:pliers":2,"minecraft:brick":6,"minecraft:iron_axe":2,"minecraft:flint_and_steel":3,"minecraft:item_frame":2,"minecraft:iron_shovel":1,"mna:vinteum_ore":2,"minecraft:cracked_stone_bricks":5,"minecraft:dark_prismarine_stairs":2,"minecraft:beef":31,"minecraft:oak_boat":1,"minecraft:cyan_wool":2,"minecraft:player_head":1,"minecraft:iron_nugget":20,"minecraft:light_gray_wool":2,"minecraft:spruce_slab":4,"minecraft:sugar_cane":72,"minecraft:birch_sapling":38,"minecraft:spruce_trapdoor":3,"minecraft:phantom_membrane":1,"minecraft:egg":1,"mna:mark_of_the_nether":1,"minecraft:raw_iron":72,"minecraft:stripped_mangrove_wood":12,"minecraft:copper_ingot":29,"minecraft:flowering_azalea_leaves":11,"minecraft:spruce_fence":1,"minecraft:fire_charge":1,"quark:birch_chest":1,"minecraft:mangrove_sign":2,"minecraft:carrot":20,"minecraft:redstone":13,"minecraft:mangrove_trapdoor":4,"minecraft:stone_pressure_plate":2,"minecraft:purple_terracotta":6,"minecraft:dark_oak_planks":5,"minecraft:arrow":220,"minecraft:stone_shovel":1,"minecraft:pumpkin_pie":17,"minecraft:hay_block":150,"minecraft:glistering_melon_slice":36,"minecraft:gold_ingot":82,"mcwbridges:balustrade_andesite_bridge":1,"mna:vinteum_dust":13,"minecraft:glow_berries":8,"minecraft:mutton":50,"minecraft:skeleton_skull":8,"minecraft:white_wool":24,"minecraft:salmon":9,"minecraft:leather":24,"minecraft:filled_map":1,"minecraft:birch_planks":24,"minecraft:mushroom_stew":3,"minecraft:oak_log":72,"minecraft:waxed_copper_block":6,"minecraft:golden_boots":2,"minecraft:gunpowder":32,"minecraft:cobblestone_stairs":13,"minecraft:paper":7,"minecraft:cooked_mutton":86,"minecraft:stone_bricks":21,"minecraft:apple":38,"minecraft:gray_carpet":18,"minecraft:kelp":1,"minecraft:rabbit_hide":6,"minecraft:iron_ingot":69,"minecraft:cobweb":2,"minecraft:stripped_oak_wood":4,"minecraft:glass_bottle":2,"quark:music_disc_chatter":2,"minecraft:iron_sword":15,"minecraft:book":70,"minecraft:black_candle":15,"epicfight:stone_greatsword":1,"minecraft:stone_brick_slab":6,"minecraft:quartz":20,"minecraft:dandelion":2,"minecraft:raw_iron_block":1,"minecraft:gravel":131,"minecraft:spruce_sapling":142,"minecraft:blast_furnace":6,"minecraft:spruce_log":511,"mna:aum":1,"minecraft:spider_eye":8,"mna:sachet_earth":2,"biomesoplenty:bramble":1,"minecraft:snort_pottery_sherd":1,"minecraft:iron_helmet":9,"minecraft:mossy_cobblestone_stairs":5,"minecraft:gray_wool":5,"minecraft:damaged_anvil":1,"minecraft:black_wool":2,"minecraft:coal":362},"minecraft:killed":{"minecraft:spider":5,"minecraft:cod":1,"minecraft:skeleton":16,"minecraft:chicken":7,"mna:spell_breaker":1,"minecraft:pig":26,"minecraft:sheep":32,"minecraft:pillager":6,"minecraft:zombie":29,"minecraft:stray":2,"minecraft:cow":17,"mna:pixie":1,"minecraft:phantom":1,"minecraft:horse":9,"minecraft:drowned":13,"mna:barkling":1,"mna:living_ward":1,"minecraft:husk":11,"mna:witch_hunter":7,"minecraft:squid":2},"minecraft:used":{"minecraft:writable_book":1,"minecraft:iron_shovel":251,"minecraft:spruce_slab":1,"minecraft:oak_sign":4,"minecraft:iron_sword":606,"minecraft:iron_chestplate":1,"minecraft:carrot":1,"minecraft:spruce_boat":4,"minecraft:lava_bucket":2,"minecraft:stone_bricks":2,"minecraft:birch_trapdoor":2,"minecraft:bow":36,"minecraft:furnace":13,"minecraft:skeleton_skull":1,"minecraft:potato":66,"epicfight:skillbook":9,"minecraft:mossy_stone_bricks":7,"minecraft:diorite":1,"minecraft:stone_pickaxe":487,"minecraft:oak_planks":45,"minecraft:wooden_pickaxe":66,"minecraft:sugar_cane":25,"minecraft:stripped_mangrove_wood":1,"minecraft:glow_berries":7,"minecraft:sand":55,"minecraft:blast_furnace":3,"minecraft:crossbow":2,"minecraft:bread":101,"minecraft:gravel":14,"minecraft:flowering_azalea_leaves":8,"minecraft:lilac":1,"minecraft:soul_lantern":1,"minecraft:fire_charge":1,"minecraft:andesite":66,"minecraft:birch_log":2,"minecraft:oak_boat":2,"minecraft:coarse_dirt":152,"quark:birch_chest":11,"minecraft:stone_sword":161,"minecraft:tropical_fish":2,"minecraft:stone_shovel":294,"minecraft:spruce_planks":14,"minecraft:netherrack":17,"minecraft:stone_hoe":131,"minecraft:torch":202,"minecraft:brewing_stand":1,"minecraft:dirt":185,"minecraft:dark_oak_planks":2,"epicfight:iron_greatsword":57,"minecraft:light_weighted_pressure_plate":1,"minecraft:iron_axe":447,"minecraft:oak_stairs":12,"minecraft:iron_boots":3,"minecraft:barrel":3,"minecraft:cooked_beef":20,"minecraft:cherry_log":2,"minecraft:calcite":21,"minecraft:wheat_seeds":35,"minecraft:cooked_mutton":15,"minecraft:water_bucket":10,"minecraft:cobblestone_stairs":137,"minecraft:birch_planks":146,"minecraft:birch_boat":1,"minecraft:cauldron":3,"minecraft:spruce_sign":4,"minecraft:stonecutter":1,"minecraft:cobblestone_slab":7,"minecraft:crafting_table":13,"minecraft:white_bed":1,"minecraft:smoker":2,"minecraft:dark_prismarine":4,"minecraft:apple":1,"minecraft:iron_pickaxe":1788,"minecraft:spruce_pressure_plate":2,"quark:crimson_chest":3,"minecraft:spruce_trapdoor":6,"minecraft:cobblestone":195,"minecraft:bucket":12,"quark:oak_chest":6,"minecraft:gray_wool":2},"minecraft:mined":{"minecraft:dark_oak_planks":5,"minecraft:waxed_cut_copper_slab":2,"minecraft:dark_prismarine_stairs":2,"minecraft:spruce_planks":13,"minecraft:cobblestone_stairs":13,"minecraft:red_nether_bricks":21,"biomesoplenty:burning_blossom":2,"minecraft:brewing_stand":1,"minecraft:spruce_trapdoor":3,"minecraft:cave_vines_plant":2,"minecraft:grass_block":150,"minecraft:dead_tube_coral_block":2,"minecraft:coal_block":5,"minecraft:oak_wall_sign":1,"minecraft:raw_iron_block":1,"minecraft:mossy_cobblestone_stairs":1,"minecraft:dark_oak_trapdoor":1,"minecraft:iron_ore":71,"minecraft:fire":6,"minecraft:cave_vines":3,"minecraft:water_cauldron":2,"minecraft:iron_bars":2,"minecraft:oak_stairs":4,"minecraft:spruce_pressure_plate":1,"minecraft:black_candle":2,"minecraft:azalea_leaves":1,"minecraft:stripped_mangrove_wood":11,"minecraft:iron_block":2,"minecraft:player_head":1,"minecraft:spruce_slab":4,"minecraft:waxed_cut_copper_stairs":8,"minecraft:kelp_plant":1,"minecraft:smoker":2,"minecraft:soul_lantern":2,"minecraft:torch":7,"minecraft:blast_furnace":3,"minecraft:calcite":62,"mna:cerublossom":1,"minecraft:dead_bush":1,"minecraft:spruce_wall_sign":1,"minecraft:nether_quartz_ore":21,"minecraft:cobblestone":106,"minecraft:oak_planks":5,"minecraft:potted_oak_sapling":1,"minecraft:sugar_cane":8,"minecraft:damaged_anvil":1,"minecraft:wall_torch":1,"minecraft:cauldron":1,"minecraft:skeleton_skull":4,"minecraft:cyan_wool":3,"minecraft:light_weighted_pressure_plate":1,"minecraft:chain":2,"minecraft:birch_log":2,"minecraft:wheat":38,"minecraft:birch_trapdoor":1,"minecraft:lilac":2,"minecraft:waxed_copper_block":6,"minecraft:stripped_oak_wood":4,"minecraft:birch_door":1,"minecraft:stone_brick_stairs":7,"minecraft:grass":157,"quark:birch_chest":1,"minecraft:oak_log":7,"minecraft:dirt":140,"minecraft:sand":138,"minecraft:stonecutter":1,"minecraft:netherrack":135,"minecraft:polished_deepslate_wall":2,"minecraft:oak_leaves":4,"minecraft:nether_gold_ore":7,"minecraft:dark_prismarine":21,"minecraft:orange_concrete_powder":1,"minecraft:mangrove_wall_sign":1,"biomesoplenty:bush":5,"minecraft:spruce_fence":1,"minecraft:decorated_pot":1,"minecraft:jungle_planks":3,"biomesoplenty:white_petals":2,"minecraft:mangrove_trapdoor":1,"minecraft:spruce_leaves":39,"biomesoplenty:dead_grass":1,"mna:vinteum_ore":2,"minecraft:hay_block":139,"minecraft:furnace":3,"mcwbridges:balustrade_andesite_bridge":3,"minecraft:snow":3,"mna:aum":2,"minecraft:andesite":244,"treechop:chopped_log":39,"minecraft:polished_deepslate":1,"minecraft:bookshelf":15,"biomesoplenty:high_grass":2,"minecraft:cobblestone_slab":1,"minecraft:packed_ice":3,"minecraft:stone":1039,"minecraft:mud_brick_slab":3,"minecraft:stone_brick_slab":9,"minecraft:crafting_table":3,"minecraft:rose_bush":2,"minecraft:campfire":5,"biomesoplenty:high_grass_plant":1,"minecraft:copper_ore":20,"minecraft:tall_grass":134,"biomesoplenty:sprout":3,"minecraft:diorite":3,"minecraft:spruce_stairs":2,"minecraft:birch_planks":3,"minecraft:gray_wool":5,"minecraft:coarse_dirt":189,"minecraft:ice":67,"minecraft:birch_leaves":12,"minecraft:spruce_log":1,"minecraft:mangrove_slab":2,"minecraft:coal_ore":256,"minecraft:zombie_head":1,"minecraft:gravel":138,"minecraft:gray_carpet":7,"minecraft:cracked_stone_bricks":4,"quark:crimson_chest":3,"minecraft:stone_bricks":44,"minecraft:orange_wall_banner":1,"minecraft:mossy_stone_bricks":25,"minecraft:fern":1},"minecraft:crafted":{"minecraft:brick":3,"minecraft:oak_planks":252,"minecraft:cobblestone_slab":6,"minecraft:oak_sign":9,"quark:birch_chest":10,"minecraft:cooked_chicken":1,"minecraft:birch_boat":1,"minecraft:cobblestone_stairs":124,"minecraft:cooked_mutton":38,"minecraft:spruce_pressure_plate":1,"minecraft:bow":1,"minecraft:iron_boots":1,"minecraft:stone_hoe":1,"minecraft:golden_boots":3,"minecraft:cooked_porkchop":52,"minecraft:crafting_table":11,"minecraft:spruce_planks":516,"minecraft:iron_helmet":2,"minecraft:wooden_pickaxe":2,"minecraft:copper_ingot":101,"minecraft:birch_planks":292,"minecraft:spruce_trapdoor":4,"minecraft:iron_chestplate":3,"minecraft:charcoal":1,"minecraft:stick":112,"quark:oak_chest":6,"minecraft:iron_ingot":133,"minecraft:iron_pickaxe":13,"minecraft:stone_sword":1,"minecraft:raw_iron":9,"minecraft:stone_shovel":3,"minecraft:coal":45,"minecraft:furnace":10,"travelersbackpack:white_sleeping_bag":1,"minecraft:iron_axe":3,"minecraft:spruce_slab":6,"minecraft:stone_pickaxe":4,"minecraft:spruce_boat":2,"quark:spruce_chest":1,"minecraft:wheat":667,"minecraft:cooked_beef":27,"minecraft:iron_sword":3,"minecraft:cooked_salmon":9,"minecraft:bucket":5,"minecraft:bread":213,"minecraft:air":0,"minecraft:oak_boat":2,"minecraft:oak_stairs":8,"minecraft:birch_trapdoor":2,"minecraft:iron_shovel":2,"minecraft:iron_leggings":3,"minecraft:white_bed":1,"minecraft:torch":444},"minecraft:killed_by":{"minecraft:vindicator":3,"minecraft:husk":5,"minecraft:player":3,"minecraft:warden":1,"mna:hulking_zombie":1},"minecraft:custom":{"minecraft:interact_with_crafting_table":122,"minecraft:open_barrel":81,"minecraft:leave_game":4,"minecraft:time_since_death":10619,"minecraft:sprint_one_cm":714094,"minecraft:drop":146,"minecraft:talked_to_villager":3,"minecraft:play_time":660445,"minecraft:deaths":18,"minecraft:jump":7181,"minecraft:walk_on_water_one_cm":157143,"minecraft:interact_with_furnace":152,"minecraft:interact_with_cartography_table":2,"minecraft:interact_with_loom":3,"minecraft:sleep_in_bed":6,"minecraft:damage_dealt":31832,"minecraft:player_kills":1,"minecraft:crouch_one_cm":12788,"minecraft:interact_with_smoker":6,"minecraft:interact_with_smithing_table":3,"minecraft:interact_with_anvil":1,"minecraft:mob_kills":196,"minecraft:damage_dealt_resisted":111,"minecraft:climb_one_cm":17550,"minecraft:walk_one_cm":5687329,"minecraft:sneak_time":4504,"minecraft:walk_under_water_one_cm":161350,"minecraft:boat_one_cm":1281552,"minecraft:interact_with_lectern":8,"minecraft:interact_with_blast_furnace":12,"minecraft:total_world_time":660445,"minecraft:tune_noteblock":26,"minecraft:interact_with_grindstone":1,"minecraft:interact_with_stonecutter":1,"minecraft:time_since_rest":10723,"minecraft:damage_taken":11851,"minecraft:swim_one_cm":2282,"minecraft:fly_one_cm":2026556,"minecraft:open_chest":427,"minecraft:fall_one_cm":161367},"minecraft:dropped":{"minecraft:iron_sword":3,"minecraft:birch_planks":11,"minecraft:porkchop":4,"minecraft:stripped_mangrove_wood":4,"minecraft:mud_brick_slab":5,"minecraft:oak_log":6,"minecraft:glass_bottle":1,"minecraft:crafting_table":1,"mna:vinteum_dust":1,"mna:cerublossom":1,"minecraft:jungle_planks":1,"minecraft:cod":3,"minecraft:light_weighted_pressure_plate":1,"minecraft:dirt":205,"mna:constructs/construct_fluid_nozzle_right_wood":1,"minecraft:snowball":3,"minecraft:iron_pickaxe":6,"minecraft:birch_log":74,"epicfight:stray_robe":1,"mna:sachet_ender":1,"minecraft:iron_nugget":25,"minecraft:birch_sapling":17,"minecraft:wheat":49,"minecraft:rotten_flesh":16,"minecraft:oak_planks":10,"minecraft:cooked_mutton":34,"minecraft:rabbit_hide":3,"minecraft:birch_trapdoor":1,"minecraft:azalea_leaves":9,"minecraft:iron_bars":2,"minecraft:water_bucket":2,"minecraft:golden_boots":3,"minecraft:egg":1,"minecraft:bread":151,"minecraft:iron_ingot":26,"minecraft:wheat_seeds":6,"minecraft:diamond_leggings":1,"minecraft:iron_helmet":1,"minecraft:feather":4,"minecraft:cobblestone":192,"minecraft:stick":90,"minecraft:gray_wool":3,"minecraft:diorite":2,"minecraft:torch":126,"minecraft:rose_bush":1,"minecraft:fire_charge":1,"minecraft:potion":2,"minecraft:iron_leggings":3,"minecraft:iron_axe":1,"minecraft:mossy_cobblestone_stairs":4,"minecraft:iron_shovel":2,"minecraft:string":2,"minecraft:polished_deepslate_wall":2,"minecraft:spruce_sapling":11,"minecraft:dandelion":2,"mna:guide_book":1,"minecraft:dark_prismarine_stairs":2,"minecraft:coarse_dirt":12,"minecraft:dark_oak_sign":11,"minecraft:raw_iron":1,"minecraft:stone_shovel":1,"mna:wakebloom":1,"minecraft:light_gray_wool":1,"minecraft:iron_boots":3,"minecraft:potato":3,"minecraft:cyan_wool":2,"minecraft:flower_pot":1,"aether:chainmail_gloves":1,"minecraft:iron_chestplate":4,"minecraft:andesite":9,"minecraft:oak_sapling":2,"minecraft:stone_pressure_plate":2,"minecraft:spider_eye":4,"minecraft:spruce_log":149,"minecraft:wooden_pickaxe":1,"minecraft:dark_prismarine":16,"epicfight:skillbook":2},"minecraft:broken":{"minecraft:iron_shovel":1,"minecraft:iron_boots":1,"minecraft:stone_pickaxe":3,"minecraft:iron_sword":1,"minecraft:stone_shovel":1,"minecraft:stone_sword":1,"minecraft:stone_hoe":1,"minecraft:wooden_pickaxe":1,"minecraft:iron_axe":1,"minecraft:leather_boots":1,"minecraft:iron_pickaxe":5,"minecraft:iron_helmet":1}},"DataVersion":3465}