{"stats":{"minecraft:crafted":{"minecraft:cobblestone_slab":6,"minecraft:stone_shovel":2,"minecraft:furnace":2,"minecraft:cobblestone_stairs":104,"minecraft:stone_pickaxe":2,"minecraft:wheat":172,"minecraft:crafting_table":1,"minecraft:wooden_pickaxe":1,"minecraft:birch_planks":40,"minecraft:bread":60,"minecraft:stick":36,"minecraft:birch_trapdoor":2,"minecraft:stone_sword":1,"minecraft:torch":52},"minecraft:dropped":{"minecraft:wheat_seeds":1,"minecraft:glass_bottle":1,"minecraft:diamond_leggings":1,"mna:cerublossom":1,"minecraft:feather":4,"minecraft:cobblestone":2,"minecraft:dirt":192,"minecraft:snowball":1,"minecraft:dandelion":2,"minecraft:iron_nugget":5,"minecraft:rabbit_hide":3,"minecraft:azalea_leaves":9},"minecraft:used":{"minecraft:writable_book":1,"minecraft:stone_sword":8,"minecraft:tropical_fish":2,"minecraft:stone_shovel":200,"minecraft:spruce_planks":1,"minecraft:torch":44,"minecraft:dirt":180,"minecraft:lava_bucket":2,"minecraft:oak_stairs":2,"minecraft:birch_trapdoor":2,"minecraft:bow":11,"minecraft:furnace":2,"minecraft:skeleton_skull":1,"minecraft:cooked_beef":6,"minecraft:wheat_seeds":1,"minecraft:water_bucket":2,"minecraft:cobblestone_stairs":110,"minecraft:birch_planks":1,"minecraft:stone_pickaxe":229,"minecraft:wooden_pickaxe":59,"minecraft:cobblestone_slab":1,"minecraft:glow_berries":7,"minecraft:crafting_table":1,"minecraft:bread":1,"minecraft:spruce_pressure_plate":1,"minecraft:spruce_trapdoor":1,"minecraft:lilac":1,"minecraft:cobblestone":20,"minecraft:bucket":2,"minecraft:coarse_dirt":139},"minecraft:killed":{"minecraft:pig":4,"minecraft:sheep":1,"minecraft:zombie":1},"minecraft:picked_up":{"minecraft:coarse_dirt":140,"minecraft:wheat":8,"minecraft:clay_ball":3,"minecraft:oak_stairs":2,"minecraft:orange_banner":1,"minecraft:cod_bucket":1,"minecraft:string":11,"minecraft:iron_leggings":1,"minecraft:orange_concrete_powder":1,"minecraft:diamond_leggings":2,"minecraft:bucket":1,"minecraft:spruce_planks":3,"minecraft:cobblestone_slab":1,"minecraft:azalea_leaves":9,"minecraft:birch_sapling":2,"minecraft:spruce_trapdoor":1,"minecraft:spruce_pressure_plate":1,"minecraft:stick":10,"minecraft:raw_iron":5,"minecraft:torch":2,"minecraft:flowering_azalea_leaves":11,"minecraft:spruce_stairs":3,"minecraft:spruce_fence":1,"minecraft:porkchop":10,"minecraft:rabbit_foot":1,"minecraft:arrow":51,"minecraft:rotten_flesh":2,"minecraft:tropical_fish":2,"minecraft:hay_block":32,"minecraft:gold_ingot":5,"minecraft:tadpole_bucket":1,"minecraft:glow_berries":8,"minecraft:skeleton_skull":8,"minecraft:snowball":1,"minecraft:white_wool":1,"minecraft:cobblestone":213,"minecraft:birch_log":5,"minecraft:cooked_beef":7,"minecraft:feather":8,"minecraft:lilac":1,"minecraft:water_bucket":2,"minecraft:salmon":9,"minecraft:birch_planks":1,"minecraft:cobblestone_stairs":6,"minecraft:paper":7,"minecraft:dirt":372,"minecraft:leather_boots":1,"minecraft:bone":3,"epicfight:iron_greatsword":1,"minecraft:bow":1,"minecraft:wheat_seeds":26,"minecraft:rabbit_hide":6,"minecraft:iron_ingot":3,"minecraft:stripped_oak_wood":1,"minecraft:glass_bottle":1,"mna:cerublossom":1,"minecraft:book":6,"minecraft:black_candle":6,"minecraft:dandelion":2,"minecraft:gravel":1,"minecraft:spruce_sapling":11,"minecraft:spruce_log":3,"minecraft:spider_eye":2,"minecraft:writable_book":1,"minecraft:bread":1,"minecraft:emerald":10,"minecraft:oak_sapling":3,"minecraft:coal":44},"minecraft:mined":{"minecraft:spruce_planks":2,"minecraft:cobblestone_stairs":6,"minecraft:orange_concrete_powder":1,"minecraft:spruce_trapdoor":1,"minecraft:cave_vines_plant":2,"minecraft:grass_block":51,"minecraft:spruce_fence":1,"minecraft:spruce_leaves":1,"minecraft:hay_block":21,"minecraft:iron_ore":5,"minecraft:snow":1,"mna:aum":2,"minecraft:cave_vines":3,"minecraft:cobblestone_slab":1,"minecraft:oak_stairs":2,"minecraft:spruce_pressure_plate":1,"minecraft:black_candle":1,"minecraft:azalea_leaves":1,"minecraft:stone":150,"minecraft:torch":1,"mna:cerublossom":1,"minecraft:tall_grass":40,"minecraft:cobblestone":67,"minecraft:skeleton_skull":4,"minecraft:spruce_stairs":2,"minecraft:birch_planks":1,"minecraft:coarse_dirt":149,"minecraft:ice":8,"minecraft:lilac":1,"minecraft:stripped_oak_wood":1,"minecraft:grass":85,"minecraft:coal_ore":41,"minecraft:gravel":2,"minecraft:dirt":105,"minecraft:orange_wall_banner":1},"minecraft:broken":{"minecraft:wooden_pickaxe":1,"minecraft:stone_pickaxe":1,"minecraft:stone_shovel":1},"minecraft:custom":{"minecraft:interact_with_smithing_table":1,"minecraft:mob_kills":6,"minecraft:interact_with_anvil":1,"minecraft:interact_with_crafting_table":23,"minecraft:open_barrel":23,"minecraft:leave_game":1,"minecraft:time_since_death":78918,"minecraft:climb_one_cm":5766,"minecraft:sprint_one_cm":35697,"minecraft:walk_one_cm":990128,"minecraft:drop":14,"minecraft:talked_to_villager":1,"minecraft:play_time":96504,"minecraft:deaths":3,"minecraft:sneak_time":1101,"minecraft:walk_under_water_one_cm":12096,"minecraft:interact_with_lectern":8,"minecraft:jump":1009,"minecraft:interact_with_blast_furnace":1,"minecraft:walk_on_water_one_cm":7387,"minecraft:total_world_time":96504,"minecraft:interact_with_furnace":7,"minecraft:interact_with_cartography_table":1,"minecraft:interact_with_loom":3,"minecraft:sleep_in_bed":2,"minecraft:time_since_rest":19404,"minecraft:damage_taken":981,"minecraft:damage_dealt":357,"minecraft:swim_one_cm":349,"minecraft:fly_one_cm":93568,"minecraft:open_chest":43,"minecraft:crouch_one_cm":2531,"minecraft:interact_with_smoker":1,"minecraft:fall_one_cm":16055}},"DataVersion":3465}