{"stats":{"minecraft:killed":{"minecraft:cod":1,"minecraft:skeleton":5,"minecraft:chicken":2,"mna:spell_breaker":1,"minecraft:pig":17,"minecraft:sheep":20,"minecraft:pillager":6,"minecraft:zombie":13,"minecraft:cow":11,"mna:pixie":1,"minecraft:horse":9,"minecraft:drowned":12,"mna:barkling":1,"mna:living_ward":1,"minecraft:husk":11,"mna:witch_hunter":7,"minecraft:squid":2},"minecraft:killed_by":{"minecraft:vindicator":3,"minecraft:husk":5,"minecraft:player":3},"minecraft:crafted":{"minecraft:brick":3,"minecraft:oak_planks":252,"minecraft:cobblestone_slab":6,"minecraft:oak_sign":9,"quark:birch_chest":10,"minecraft:birch_boat":1,"minecraft:cobblestone_stairs":124,"minecraft:spruce_pressure_plate":1,"minecraft:cooked_mutton":18,"minecraft:stone_hoe":1,"minecraft:cooked_porkchop":28,"minecraft:crafting_table":10,"minecraft:spruce_planks":516,"minecraft:wooden_pickaxe":2,"minecraft:copper_ingot":101,"minecraft:birch_planks":164,"minecraft:spruce_trapdoor":4,"minecraft:iron_chestplate":2,"minecraft:charcoal":1,"minecraft:stick":112,"quark:oak_chest":6,"minecraft:iron_pickaxe":10,"minecraft:iron_ingot":108,"minecraft:stone_sword":1,"minecraft:raw_iron":9,"minecraft:coal":45,"minecraft:stone_shovel":2,"minecraft:furnace":10,"minecraft:iron_axe":3,"minecraft:spruce_slab":6,"minecraft:stone_pickaxe":4,"minecraft:spruce_boat":2,"quark:spruce_chest":1,"minecraft:wheat":667,"minecraft:cooked_beef":14,"minecraft:iron_sword":2,"minecraft:cooked_salmon":9,"minecraft:bucket":5,"minecraft:bread":213,"minecraft:air":0,"minecraft:oak_boat":1,"minecraft:birch_trapdoor":2,"minecraft:iron_shovel":2,"minecraft:iron_leggings":1,"minecraft:torch":172},"minecraft:broken":{"minecraft:iron_shovel":1,"minecraft:stone_pickaxe":3,"minecraft:stone_shovel":1,"minecraft:stone_sword":1,"minecraft:stone_hoe":1,"minecraft:wooden_pickaxe":1,"minecraft:leather_boots":1,"minecraft:iron_pickaxe":3},"minecraft:used":{"minecraft:writable_book":1,"minecraft:iron_shovel":251,"minecraft:spruce_slab":1,"minecraft:oak_sign":4,"minecraft:iron_sword":304,"minecraft:iron_chestplate":1,"minecraft:carrot":1,"minecraft:spruce_boat":3,"minecraft:lava_bucket":2,"minecraft:stone_bricks":2,"minecraft:birch_trapdoor":2,"minecraft:bow":26,"minecraft:furnace":13,"minecraft:skeleton_skull":1,"minecraft:potato":66,"epicfight:skillbook":6,"minecraft:mossy_stone_bricks":7,"minecraft:diorite":1,"minecraft:stone_pickaxe":487,"minecraft:oak_planks":38,"minecraft:wooden_pickaxe":66,"minecraft:sugar_cane":25,"minecraft:stripped_mangrove_wood":1,"minecraft:glow_berries":7,"minecraft:sand":55,"minecraft:blast_furnace":3,"minecraft:crossbow":2,"minecraft:bread":66,"minecraft:gravel":14,"minecraft:lilac":1,"minecraft:soul_lantern":1,"minecraft:fire_charge":1,"minecraft:birch_log":2,"minecraft:andesite":66,"minecraft:oak_boat":1,"minecraft:coarse_dirt":152,"quark:birch_chest":11,"minecraft:stone_sword":161,"minecraft:tropical_fish":2,"minecraft:stone_shovel":224,"minecraft:spruce_planks":14,"minecraft:stone_hoe":131,"minecraft:torch":123,"minecraft:brewing_stand":1,"minecraft:dirt":184,"minecraft:dark_oak_planks":2,"epicfight:iron_greatsword":57,"minecraft:iron_axe":409,"minecraft:light_weighted_pressure_plate":1,"minecraft:oak_stairs":2,"minecraft:iron_boots":3,"minecraft:barrel":3,"minecraft:cooked_beef":19,"minecraft:calcite":21,"minecraft:wheat_seeds":35,"minecraft:water_bucket":10,"minecraft:cobblestone_stairs":137,"minecraft:birch_planks":16,"minecraft:birch_boat":1,"minecraft:spruce_sign":4,"minecraft:cauldron":2,"minecraft:stonecutter":1,"minecraft:cobblestone_slab":7,"minecraft:crafting_table":12,"minecraft:smoker":2,"minecraft:dark_prismarine":4,"minecraft:iron_pickaxe":1298,"quark:crimson_chest":3,"minecraft:spruce_pressure_plate":2,"minecraft:spruce_trapdoor":6,"minecraft:cobblestone":149,"minecraft:bucket":12,"quark:oak_chest":6,"minecraft:gray_wool":2},"minecraft:dropped":{"minecraft:porkchop":4,"minecraft:birch_planks":11,"minecraft:stripped_mangrove_wood":4,"minecraft:mud_brick_slab":5,"minecraft:oak_log":6,"minecraft:glass_bottle":1,"minecraft:crafting_table":1,"mna:vinteum_dust":1,"mna:cerublossom":1,"minecraft:cod":3,"minecraft:light_weighted_pressure_plate":1,"minecraft:dirt":194,"mna:constructs/construct_fluid_nozzle_right_wood":1,"minecraft:snowball":3,"minecraft:iron_pickaxe":3,"minecraft:birch_log":74,"minecraft:iron_nugget":25,"minecraft:birch_sapling":17,"minecraft:wheat":49,"minecraft:rotten_flesh":13,"minecraft:oak_planks":5,"minecraft:rabbit_hide":3,"minecraft:birch_trapdoor":1,"minecraft:azalea_leaves":9,"minecraft:egg":1,"minecraft:iron_ingot":26,"minecraft:bread":119,"minecraft:wheat_seeds":6,"minecraft:diamond_leggings":1,"minecraft:feather":4,"minecraft:cobblestone":91,"minecraft:stick":90,"minecraft:gray_wool":3,"minecraft:diorite":2,"minecraft:torch":36,"minecraft:rose_bush":1,"minecraft:fire_charge":1,"minecraft:potion":2,"minecraft:iron_axe":1,"minecraft:mossy_cobblestone_stairs":4,"minecraft:iron_shovel":2,"minecraft:polished_deepslate_wall":2,"minecraft:spruce_sapling":11,"minecraft:dandelion":2,"mna:guide_book":1,"minecraft:dark_prismarine_stairs":2,"minecraft:coarse_dirt":12,"minecraft:dark_oak_sign":11,"minecraft:raw_iron":1,"minecraft:light_gray_wool":1,"minecraft:potato":3,"minecraft:flower_pot":1,"minecraft:andesite":9,"minecraft:iron_chestplate":1,"minecraft:oak_sapling":2,"minecraft:stone_pressure_plate":2,"minecraft:spider_eye":2,"minecraft:spruce_log":149,"minecraft:wooden_pickaxe":1,"minecraft:dark_prismarine":1},"minecraft:picked_up":{"minecraft:iron_chestplate":11,"minecraft:wheat":57,"minecraft:flower_pot":1,"minecraft:lead":3,"minecraft:oak_stairs":2,"minecraft:enchanted_book":1,"minecraft:potion":3,"minecraft:stone_brick_stairs":3,"minecraft:brewing_stand":1,"minecraft:polished_deepslate_wall":2,"minecraft:cod_bucket":1,"minecraft:dark_oak_trapdoor":1,"minecraft:waxed_cut_copper_slab":2,"minecraft:string":11,"minecraft:dead_tube_coral_block":2,"minecraft:raw_copper":75,"minecraft:red_nether_bricks":21,"minecraft:iron_leggings":3,"minecraft:purple_banner":2,"minecraft:zombie_head":1,"minecraft:oak_sign":1,"minecraft:beetroot":5,"minecraft:orange_concrete_powder":1,"minecraft:diamond_leggings":2,"minecraft:gold_nugget":2,"minecraft:bucket":3,"minecraft:spruce_planks":420,"minecraft:light_weighted_pressure_plate":1,"minecraft:rose_bush":6,"minecraft:cobblestone_slab":1,"minecraft:calcite":156,"minecraft:iron_pickaxe":11,"minecraft:azalea_leaves":9,"mna:guide_book":4,"minecraft:coal_block":10,"minecraft:iron_boots":12,"minecraft:furnace":3,"minecraft:spruce_pressure_plate":1,"minecraft:stick":410,"minecraft:sheaf_pottery_sherd":1,"minecraft:birch_trapdoor":1,"minecraft:torch":191,"minecraft:spruce_stairs":3,"epicfight:skillbook":12,"minecraft:porkchop":35,"minecraft:diorite":3,"aether:golden_gloves":1,"minecraft:cauldron":3,"minecraft:rabbit_foot":1,"minecraft:waxed_cut_copper_stairs":4,"minecraft:rotten_flesh":104,"minecraft:tropical_fish":2,"minecraft:iron_block":2,"minecraft:tadpole_bucket":1,"minecraft:cod":6,"minecraft:snowball":3,"minecraft:cobblestone":1433,"minecraft:nautilus_shell":1,"minecraft:birch_log":177,"minecraft:cooked_beef":14,"minecraft:feather":8,"minecraft:lilac":4,"minecraft:water_bucket":6,"minecraft:andesite":313,"mna:sachet_water":2,"minecraft:smoker":2,"minecraft:potato":27,"minecraft:flint":24,"minecraft:mangrove_slab":1,"mna:sachet_arcane":2,"minecraft:dirt":395,"minecraft:lantern":3,"minecraft:leather_boots":3,"minecraft:bone":22,"minecraft:stonecutter":1,"epicfight:iron_greatsword":6,"minecraft:bow":9,"minecraft:wheat_seeds":128,"minecraft:dark_oak_sign":11,"minecraft:rabbit":2,"minecraft:mossy_stone_bricks":23,"mna:cerublossom":1,"minecraft:oak_planks":199,"minecraft:cooked_porkchop":50,"minecraft:sand":132,"minecraft:ink_sac":2,"minecraft:dark_prismarine":5,"minecraft:diamond":2,"minecraft:spruce_boat":1,"minecraft:angler_pottery_sherd":1,"minecraft:soul_lantern":2,"minecraft:writable_book":1,"minecraft:crossbow":3,"mna:wakebloom":4,"minecraft:spruce_sign":4,"minecraft:bread":526,"minecraft:emerald":12,"minecraft:oak_sapling":25,"minecraft:shelter_pottery_sherd":1,"quark:crimson_chest":5,"minecraft:mud_brick_slab":5,"minecraft:crafting_table":5,"minecraft:charcoal":10,"minecraft:coarse_dirt":164,"minecraft:chicken":1,"minecraft:clay_ball":3,"mna:sachet_air":6,"minecraft:orange_banner":1,"minecraft:chain":2,"mcwbridges:pliers":2,"minecraft:brick":6,"minecraft:iron_axe":1,"minecraft:flint_and_steel":3,"minecraft:item_frame":2,"minecraft:iron_shovel":1,"mna:vinteum_ore":2,"minecraft:cracked_stone_bricks":5,"minecraft:dark_prismarine_stairs":2,"minecraft:beef":18,"minecraft:oak_boat":1,"minecraft:player_head":1,"minecraft:light_gray_wool":2,"minecraft:spruce_slab":4,"minecraft:sugar_cane":39,"minecraft:birch_sapling":38,"minecraft:spruce_trapdoor":3,"minecraft:egg":1,"mna:mark_of_the_nether":1,"minecraft:raw_iron":31,"minecraft:stripped_mangrove_wood":12,"minecraft:copper_ingot":29,"minecraft:spruce_fence":1,"minecraft:flowering_azalea_leaves":11,"minecraft:fire_charge":1,"quark:birch_chest":1,"minecraft:mangrove_sign":2,"minecraft:carrot":20,"minecraft:redstone":13,"minecraft:mangrove_trapdoor":4,"minecraft:dark_oak_planks":5,"minecraft:stone_pressure_plate":2,"minecraft:purple_terracotta":6,"minecraft:arrow":170,"minecraft:pumpkin_pie":17,"minecraft:hay_block":150,"minecraft:glistering_melon_slice":36,"minecraft:gold_ingot":82,"mcwbridges:balustrade_andesite_bridge":1,"mna:vinteum_dust":13,"minecraft:glow_berries":8,"minecraft:mutton":27,"minecraft:skeleton_skull":8,"minecraft:white_wool":12,"minecraft:salmon":9,"minecraft:leather":16,"minecraft:filled_map":1,"minecraft:birch_planks":22,"minecraft:mushroom_stew":3,"minecraft:oak_log":72,"minecraft:waxed_copper_block":6,"minecraft:gunpowder":32,"minecraft:cobblestone_stairs":13,"minecraft:paper":7,"minecraft:cooked_mutton":32,"minecraft:gray_carpet":18,"minecraft:apple":38,"minecraft:stone_bricks":21,"minecraft:kelp":1,"minecraft:rabbit_hide":6,"minecraft:iron_ingot":67,"minecraft:cobweb":2,"minecraft:stripped_oak_wood":4,"minecraft:glass_bottle":2,"minecraft:iron_sword":11,"minecraft:book":31,"minecraft:black_candle":15,"epicfight:stone_greatsword":1,"minecraft:stone_brick_slab":6,"minecraft:dandelion":2,"minecraft:raw_iron_block":1,"minecraft:gravel":131,"minecraft:spruce_sapling":142,"minecraft:blast_furnace":6,"minecraft:spruce_log":511,"mna:aum":1,"minecraft:spider_eye":2,"mna:sachet_earth":2,"minecraft:snort_pottery_sherd":1,"minecraft:iron_helmet":8,"minecraft:mossy_cobblestone_stairs":4,"minecraft:gray_wool":5,"minecraft:coal":309},"minecraft:custom":{"minecraft:interact_with_crafting_table":102,"minecraft:open_barrel":72,"minecraft:leave_game":3,"minecraft:time_since_death":106662,"minecraft:sprint_one_cm":508864,"minecraft:drop":97,"minecraft:talked_to_villager":3,"minecraft:play_time":514746,"minecraft:deaths":16,"minecraft:jump":5234,"minecraft:walk_on_water_one_cm":126712,"minecraft:interact_with_furnace":116,"minecraft:interact_with_cartography_table":2,"minecraft:interact_with_loom":3,"minecraft:sleep_in_bed":5,"minecraft:damage_dealt":21758,"minecraft:player_kills":1,"minecraft:crouch_one_cm":8235,"minecraft:interact_with_smoker":6,"minecraft:interact_with_smithing_table":2,"minecraft:mob_kills":124,"minecraft:interact_with_anvil":1,"minecraft:climb_one_cm":14418,"minecraft:walk_one_cm":4401340,"minecraft:sneak_time":3616,"minecraft:walk_under_water_one_cm":136094,"minecraft:boat_one_cm":921915,"minecraft:interact_with_lectern":8,"minecraft:interact_with_blast_furnace":10,"minecraft:total_world_time":514746,"minecraft:tune_noteblock":26,"minecraft:interact_with_grindstone":1,"minecraft:interact_with_stonecutter":1,"minecraft:time_since_rest":62790,"minecraft:damage_taken":8478,"minecraft:swim_one_cm":349,"minecraft:fly_one_cm":1492903,"minecraft:open_chest":326,"minecraft:fall_one_cm":124483},"minecraft:mined":{"minecraft:dark_oak_planks":5,"minecraft:waxed_cut_copper_slab":2,"minecraft:dark_prismarine_stairs":2,"minecraft:spruce_planks":13,"minecraft:cobblestone_stairs":13,"minecraft:red_nether_bricks":21,"minecraft:brewing_stand":1,"minecraft:spruce_trapdoor":3,"minecraft:cave_vines_plant":2,"minecraft:grass_block":68,"minecraft:dead_tube_coral_block":2,"minecraft:coal_block":5,"minecraft:oak_wall_sign":1,"minecraft:raw_iron_block":1,"minecraft:mossy_cobblestone_stairs":1,"minecraft:dark_oak_trapdoor":1,"minecraft:iron_ore":29,"minecraft:fire":3,"minecraft:cave_vines":3,"minecraft:water_cauldron":2,"minecraft:oak_stairs":2,"minecraft:spruce_pressure_plate":1,"minecraft:black_candle":2,"minecraft:azalea_leaves":1,"minecraft:stripped_mangrove_wood":11,"minecraft:iron_block":2,"minecraft:player_head":1,"minecraft:spruce_slab":4,"minecraft:waxed_cut_copper_stairs":8,"minecraft:kelp_plant":1,"minecraft:smoker":2,"minecraft:soul_lantern":2,"minecraft:torch":5,"minecraft:blast_furnace":3,"minecraft:calcite":62,"mna:cerublossom":1,"minecraft:dead_bush":1,"minecraft:spruce_wall_sign":1,"minecraft:cobblestone":106,"minecraft:potted_oak_sapling":1,"minecraft:sugar_cane":8,"minecraft:oak_planks":2,"minecraft:wall_torch":1,"minecraft:cauldron":1,"minecraft:skeleton_skull":4,"minecraft:light_weighted_pressure_plate":1,"minecraft:chain":2,"minecraft:birch_log":2,"minecraft:wheat":38,"minecraft:birch_trapdoor":1,"minecraft:lilac":2,"minecraft:waxed_copper_block":6,"minecraft:birch_door":1,"minecraft:stripped_oak_wood":4,"minecraft:stone_brick_stairs":5,"minecraft:grass":120,"quark:birch_chest":1,"minecraft:oak_log":7,"minecraft:sand":138,"minecraft:dirt":112,"minecraft:stonecutter":1,"minecraft:polished_deepslate_wall":2,"minecraft:oak_leaves":4,"minecraft:dark_prismarine":5,"minecraft:orange_concrete_powder":1,"minecraft:mangrove_wall_sign":1,"minecraft:decorated_pot":1,"minecraft:spruce_fence":1,"minecraft:mangrove_trapdoor":1,"minecraft:spruce_leaves":39,"mna:vinteum_ore":2,"minecraft:hay_block":139,"minecraft:furnace":3,"mcwbridges:balustrade_andesite_bridge":3,"minecraft:snow":3,"mna:aum":2,"minecraft:andesite":243,"treechop:chopped_log":37,"minecraft:polished_deepslate":1,"minecraft:bookshelf":2,"minecraft:cobblestone_slab":1,"minecraft:stone":867,"minecraft:mud_brick_slab":3,"minecraft:stone_brick_slab":9,"minecraft:crafting_table":3,"minecraft:rose_bush":2,"minecraft:campfire":5,"minecraft:tall_grass":105,"minecraft:copper_ore":20,"biomesoplenty:sprout":1,"minecraft:diorite":3,"minecraft:spruce_stairs":2,"minecraft:gray_wool":5,"minecraft:birch_planks":1,"minecraft:coarse_dirt":178,"minecraft:ice":66,"minecraft:spruce_log":1,"minecraft:birch_leaves":12,"minecraft:mangrove_slab":2,"minecraft:coal_ore":203,"minecraft:zombie_head":1,"minecraft:gravel":137,"minecraft:gray_carpet":7,"minecraft:cracked_stone_bricks":4,"quark:crimson_chest":3,"minecraft:stone_bricks":29,"minecraft:orange_wall_banner":1,"minecraft:mossy_stone_bricks":25,"minecraft:fern":1}},"DataVersion":3465}