{"stats":{"minecraft:custom":{"minecraft:interact_with_smithing_table":1,"minecraft:mob_kills":57,"minecraft:interact_with_anvil":1,"minecraft:interact_with_crafting_table":40,"minecraft:open_barrel":24,"minecraft:leave_game":2,"minecraft:time_since_death":197565,"minecraft:climb_one_cm":5766,"minecraft:sprint_one_cm":191348,"minecraft:walk_one_cm":2135165,"minecraft:drop":35,"minecraft:talked_to_villager":1,"minecraft:play_time":215151,"minecraft:deaths":3,"minecraft:sneak_time":2021,"minecraft:walk_under_water_one_cm":39682,"minecraft:interact_with_lectern":8,"minecraft:jump":2460,"minecraft:interact_with_blast_furnace":1,"minecraft:walk_on_water_one_cm":55050,"minecraft:total_world_time":215151,"minecraft:interact_with_furnace":35,"minecraft:interact_with_cartography_table":1,"minecraft:interact_with_loom":3,"minecraft:sleep_in_bed":3,"minecraft:time_since_rest":108730,"minecraft:damage_taken":2313,"minecraft:damage_dealt":7535,"minecraft:swim_one_cm":349,"minecraft:fly_one_cm":562322,"minecraft:open_chest":88,"minecraft:crouch_one_cm":6079,"minecraft:interact_with_smoker":1,"minecraft:fall_one_cm":44199},"minecraft:killed":{"mna:pixie":1,"minecraft:skeleton":2,"minecraft:horse":4,"minecraft:chicken":1,"mna:spell_breaker":1,"mna:living_ward":1,"minecraft:pig":14,"mna:witch_hunter":3,"minecraft:squid":2,"minecraft:sheep":13,"minecraft:zombie":6,"minecraft:cow":9},"minecraft:mined":{"minecraft:spruce_planks":2,"minecraft:cobblestone_stairs":13,"minecraft:orange_concrete_powder":1,"minecraft:spruce_trapdoor":1,"minecraft:cave_vines_plant":2,"minecraft:grass_block":59,"minecraft:spruce_fence":1,"minecraft:spruce_leaves":1,"minecraft:hay_block":27,"minecraft:iron_ore":15,"minecraft:fire":3,"minecraft:snow":3,"mna:aum":2,"minecraft:andesite":113,"treechop:chopped_log":1,"minecraft:cave_vines":3,"minecraft:cobblestone_slab":1,"minecraft:oak_stairs":2,"minecraft:spruce_pressure_plate":1,"minecraft:black_candle":2,"minecraft:azalea_leaves":1,"minecraft:stone":698,"minecraft:stone_brick_slab":8,"minecraft:crafting_table":1,"minecraft:torch":4,"mna:cerublossom":1,"minecraft:copper_ore":10,"minecraft:tall_grass":72,"minecraft:cobblestone":86,"biomesoplenty:sprout":1,"minecraft:potted_oak_sapling":1,"minecraft:wall_torch":1,"minecraft:skeleton_skull":4,"minecraft:spruce_stairs":2,"minecraft:light_weighted_pressure_plate":1,"minecraft:birch_planks":1,"minecraft:coarse_dirt":168,"minecraft:birch_log":1,"minecraft:birch_trapdoor":1,"minecraft:ice":66,"minecraft:lilac":1,"minecraft:birch_leaves":7,"minecraft:stripped_oak_wood":1,"minecraft:stone_brick_stairs":5,"minecraft:grass":97,"minecraft:coal_ore":136,"minecraft:gravel":133,"minecraft:sand":136,"minecraft:dirt":111,"minecraft:stone_bricks":22,"quark:crimson_chest":2,"minecraft:mossy_stone_bricks":18,"minecraft:orange_wall_banner":1},"minecraft:crafted":{"minecraft:brick":3,"minecraft:oak_planks":64,"minecraft:cobblestone_slab":6,"minecraft:stone_shovel":2,"minecraft:furnace":6,"minecraft:cobblestone_stairs":124,"minecraft:cooked_mutton":16,"minecraft:iron_axe":1,"minecraft:stone_pickaxe":3,"minecraft:wheat":226,"minecraft:cooked_beef":14,"minecraft:cooked_porkchop":25,"minecraft:crafting_table":2,"minecraft:wooden_pickaxe":1,"minecraft:cooked_salmon":9,"minecraft:copper_ingot":6,"minecraft:bucket":3,"minecraft:birch_planks":68,"minecraft:bread":78,"minecraft:air":0,"minecraft:stick":92,"quark:oak_chest":4,"minecraft:iron_ingot":53,"minecraft:iron_pickaxe":7,"minecraft:birch_trapdoor":2,"minecraft:stone_sword":1,"minecraft:iron_shovel":2,"minecraft:torch":140},"minecraft:used":{"minecraft:writable_book":1,"minecraft:stone_sword":161,"minecraft:iron_shovel":251,"minecraft:tropical_fish":2,"minecraft:stone_shovel":224,"minecraft:spruce_planks":1,"minecraft:torch":85,"minecraft:dirt":184,"minecraft:lava_bucket":2,"minecraft:iron_axe":16,"epicfight:iron_greatsword":32,"minecraft:light_weighted_pressure_plate":1,"minecraft:oak_stairs":2,"minecraft:birch_trapdoor":2,"minecraft:bow":15,"minecraft:furnace":6,"minecraft:skeleton_skull":1,"minecraft:cooked_beef":17,"minecraft:wheat_seeds":1,"minecraft:mossy_stone_bricks":7,"minecraft:water_bucket":6,"minecraft:cobblestone_stairs":137,"minecraft:birch_planks":16,"minecraft:stone_pickaxe":394,"minecraft:wooden_pickaxe":59,"minecraft:cobblestone_slab":7,"minecraft:glow_berries":7,"minecraft:sand":2,"minecraft:crafting_table":3,"minecraft:crossbow":2,"minecraft:bread":12,"minecraft:iron_pickaxe":731,"quark:crimson_chest":2,"minecraft:spruce_pressure_plate":1,"minecraft:spruce_trapdoor":1,"minecraft:gravel":5,"minecraft:lilac":1,"minecraft:fire_charge":1,"minecraft:cobblestone":114,"minecraft:birch_log":2,"minecraft:andesite":48,"minecraft:bucket":8,"quark:oak_chest":4,"minecraft:coarse_dirt":145},"minecraft:picked_up":{"quark:crimson_chest":2,"minecraft:crafting_table":1,"minecraft:coarse_dirt":157,"minecraft:wheat":8,"minecraft:flower_pot":1,"minecraft:clay_ball":3,"mna:sachet_air":2,"minecraft:oak_stairs":2,"minecraft:orange_banner":1,"minecraft:stone_brick_stairs":2,"minecraft:cod_bucket":1,"minecraft:string":11,"minecraft:raw_copper":35,"minecraft:iron_leggings":1,"minecraft:orange_concrete_powder":1,"minecraft:diamond_leggings":2,"minecraft:bucket":1,"minecraft:spruce_planks":3,"minecraft:light_weighted_pressure_plate":1,"minecraft:beef":14,"minecraft:cobblestone_slab":1,"minecraft:azalea_leaves":9,"minecraft:birch_sapling":4,"minecraft:spruce_trapdoor":1,"minecraft:spruce_pressure_plate":1,"minecraft:stick":13,"minecraft:raw_iron":17,"minecraft:birch_trapdoor":1,"minecraft:torch":7,"minecraft:fire_charge":1,"minecraft:flowering_azalea_leaves":11,"minecraft:spruce_stairs":3,"minecraft:spruce_fence":1,"epicfight:skillbook":1,"minecraft:porkchop":28,"minecraft:rabbit_foot":1,"minecraft:arrow":62,"minecraft:rotten_flesh":10,"minecraft:tropical_fish":2,"minecraft:hay_block":38,"minecraft:gold_ingot":5,"minecraft:tadpole_bucket":1,"mna:vinteum_dust":2,"minecraft:mutton":16,"minecraft:glow_berries":8,"minecraft:cobblestone":874,"minecraft:skeleton_skull":8,"minecraft:snowball":3,"minecraft:white_wool":8,"minecraft:birch_log":14,"minecraft:lilac":1,"minecraft:feather":8,"minecraft:cooked_beef":7,"minecraft:andesite":141,"minecraft:water_bucket":2,"minecraft:salmon":9,"minecraft:leather":10,"minecraft:birch_planks":1,"minecraft:flint":16,"minecraft:cobblestone_stairs":13,"minecraft:paper":7,"minecraft:dirt":383,"mna:sachet_arcane":1,"minecraft:leather_boots":1,"minecraft:bone":4,"minecraft:stone_bricks":13,"epicfight:iron_greatsword":1,"minecraft:bow":2,"minecraft:wheat_seeds":28,"minecraft:rabbit_hide":6,"minecraft:iron_ingot":4,"minecraft:stripped_oak_wood":1,"minecraft:mossy_stone_bricks":15,"minecraft:glass_bottle":1,"mna:cerublossom":1,"minecraft:book":6,"minecraft:black_candle":9,"minecraft:stone_brick_slab":5,"minecraft:dandelion":2,"minecraft:gravel":116,"minecraft:sand":130,"mna:aum":1,"minecraft:spruce_sapling":12,"minecraft:ink_sac":2,"minecraft:spruce_log":6,"mna:sachet_earth":2,"minecraft:spider_eye":2,"minecraft:writable_book":1,"minecraft:crossbow":1,"minecraft:bread":1,"minecraft:emerald":10,"minecraft:oak_sapling":5,"minecraft:coal":136},"minecraft:broken":{"minecraft:iron_shovel":1,"minecraft:stone_sword":1,"minecraft:wooden_pickaxe":1,"minecraft:stone_pickaxe":3,"minecraft:iron_pickaxe":2,"minecraft:stone_shovel":1},"minecraft:dropped":{"minecraft:birch_planks":9,"minecraft:wheat_seeds":1,"minecraft:glass_bottle":1,"mna:vinteum_dust":1,"minecraft:diamond_leggings":1,"mna:cerublossom":1,"minecraft:feather":4,"minecraft:cobblestone":3,"minecraft:light_weighted_pressure_plate":1,"minecraft:dirt":193,"minecraft:torch":36,"minecraft:snowball":3,"minecraft:fire_charge":1,"minecraft:iron_pickaxe":2,"minecraft:iron_shovel":1,"minecraft:spruce_sapling":2,"minecraft:dandelion":2,"minecraft:iron_nugget":5,"minecraft:coarse_dirt":12,"minecraft:rotten_flesh":5,"minecraft:rabbit_hide":3,"minecraft:flower_pot":1,"minecraft:birch_trapdoor":1,"minecraft:azalea_leaves":9,"minecraft:oak_sapling":2,"minecraft:spider_eye":2,"minecraft:spruce_log":6}},"DataVersion":3465}