{"stats":{"minecraft:killed":{"minecraft:cod":1,"mna:pixie":1,"minecraft:skeleton":3,"minecraft:horse":7,"minecraft:chicken":1,"mna:spell_breaker":1,"mna:living_ward":1,"minecraft:pig":14,"mna:witch_hunter":5,"minecraft:squid":2,"minecraft:sheep":15,"minecraft:pillager":6,"minecraft:zombie":11,"minecraft:cow":11},"minecraft:picked_up":{"quark:crimson_chest":2,"minecraft:charcoal":10,"minecraft:iron_chestplate":3,"minecraft:crafting_table":1,"minecraft:coarse_dirt":158,"minecraft:wheat":21,"minecraft:flower_pot":1,"minecraft:clay_ball":3,"mna:sachet_air":2,"minecraft:oak_stairs":2,"minecraft:orange_banner":1,"minecraft:stone_brick_stairs":3,"minecraft:chain":2,"minecraft:cod_bucket":1,"minecraft:iron_axe":1,"minecraft:string":11,"minecraft:raw_copper":35,"minecraft:iron_shovel":1,"minecraft:flint_and_steel":1,"minecraft:iron_leggings":2,"minecraft:item_frame":2,"minecraft:purple_banner":2,"minecraft:zombie_head":1,"minecraft:orange_concrete_powder":1,"minecraft:diamond_leggings":2,"minecraft:bucket":1,"minecraft:spruce_planks":27,"minecraft:light_weighted_pressure_plate":1,"minecraft:beef":18,"minecraft:rose_bush":1,"minecraft:cobblestone_slab":1,"mna:guide_book":1,"minecraft:spruce_slab":1,"minecraft:iron_pickaxe":5,"minecraft:azalea_leaves":9,"minecraft:sugar_cane":33,"minecraft:birch_sapling":4,"minecraft:spruce_trapdoor":1,"minecraft:iron_boots":5,"minecraft:furnace":3,"minecraft:spruce_pressure_plate":1,"minecraft:stick":71,"minecraft:raw_iron":17,"minecraft:copper_ingot":29,"minecraft:birch_trapdoor":1,"minecraft:torch":103,"minecraft:spruce_stairs":3,"minecraft:flowering_azalea_leaves":11,"minecraft:spruce_fence":1,"epicfight:skillbook":2,"minecraft:fire_charge":1,"minecraft:porkchop":28,"minecraft:redstone":13,"minecraft:stone_pressure_plate":2,"minecraft:rabbit_foot":1,"minecraft:purple_terracotta":6,"minecraft:arrow":151,"minecraft:rotten_flesh":16,"minecraft:tropical_fish":2,"minecraft:pumpkin_pie":2,"minecraft:hay_block":105,"minecraft:iron_block":2,"minecraft:gold_ingot":7,"minecraft:tadpole_bucket":1,"mna:vinteum_dust":2,"minecraft:glow_berries":8,"minecraft:mutton":23,"minecraft:snowball":3,"minecraft:skeleton_skull":8,"minecraft:white_wool":10,"minecraft:cobblestone":892,"minecraft:birch_log":14,"minecraft:cooked_beef":14,"minecraft:feather":8,"minecraft:lilac":1,"minecraft:andesite":141,"minecraft:water_bucket":6,"minecraft:salmon":9,"minecraft:leather":16,"minecraft:smoker":1,"minecraft:potato":9,"minecraft:filled_map":1,"minecraft:birch_planks":1,"minecraft:flint":24,"minecraft:oak_log":6,"minecraft:gunpowder":31,"minecraft:cobblestone_stairs":13,"minecraft:lantern":1,"minecraft:paper":7,"minecraft:dirt":385,"mna:sachet_arcane":2,"minecraft:leather_boots":3,"minecraft:bone":6,"minecraft:stone_bricks":13,"epicfight:iron_greatsword":4,"minecraft:bow":6,"minecraft:wheat_seeds":67,"minecraft:rabbit_hide":6,"minecraft:iron_ingot":7,"minecraft:cobweb":2,"minecraft:rabbit":2,"minecraft:stripped_oak_wood":4,"minecraft:mossy_stone_bricks":15,"minecraft:glass_bottle":2,"mna:cerublossom":1,"minecraft:oak_planks":3,"minecraft:iron_sword":2,"minecraft:book":14,"minecraft:black_candle":9,"minecraft:stone_brick_slab":5,"minecraft:dandelion":2,"minecraft:gravel":116,"minecraft:sand":132,"minecraft:spruce_sapling":12,"minecraft:ink_sac":2,"minecraft:spruce_log":240,"mna:aum":1,"minecraft:spider_eye":2,"mna:sachet_earth":2,"minecraft:writable_book":1,"minecraft:crossbow":2,"minecraft:gray_wool":5,"minecraft:emerald":12,"minecraft:bread":162,"minecraft:oak_sapling":5,"minecraft:coal":170},"minecraft:broken":{"minecraft:iron_shovel":1,"minecraft:stone_sword":1,"minecraft:wooden_pickaxe":1,"minecraft:stone_pickaxe":3,"minecraft:leather_boots":1,"minecraft:iron_pickaxe":2,"minecraft:stone_shovel":1},"minecraft:crafted":{"minecraft:brick":3,"minecraft:oak_planks":100,"minecraft:cobblestone_slab":6,"minecraft:stone_shovel":2,"minecraft:furnace":6,"minecraft:cobblestone_stairs":124,"minecraft:cooked_mutton":16,"minecraft:iron_axe":1,"minecraft:stone_pickaxe":4,"minecraft:wheat":262,"minecraft:cooked_beef":14,"minecraft:cooked_porkchop":25,"minecraft:crafting_table":5,"minecraft:spruce_planks":12,"minecraft:wooden_pickaxe":2,"minecraft:iron_sword":1,"minecraft:cooked_salmon":9,"minecraft:copper_ingot":35,"minecraft:bucket":3,"minecraft:birch_planks":68,"minecraft:bread":78,"minecraft:air":0,"minecraft:oak_boat":1,"minecraft:iron_chestplate":2,"minecraft:stick":104,"quark:oak_chest":4,"minecraft:iron_ingot":59,"minecraft:iron_pickaxe":7,"minecraft:birch_trapdoor":2,"minecraft:stone_sword":1,"minecraft:iron_shovel":2,"minecraft:torch":140},"minecraft:mined":{"minecraft:spruce_planks":2,"minecraft:cobblestone_stairs":13,"minecraft:orange_concrete_powder":1,"minecraft:spruce_trapdoor":1,"minecraft:cave_vines_plant":2,"minecraft:grass_block":63,"minecraft:spruce_fence":1,"minecraft:spruce_leaves":1,"minecraft:hay_block":94,"minecraft:furnace":3,"minecraft:iron_ore":15,"minecraft:fire":3,"minecraft:snow":3,"mna:aum":2,"minecraft:andesite":113,"treechop:chopped_log":1,"minecraft:bookshelf":2,"minecraft:cave_vines":3,"minecraft:cobblestone_slab":1,"minecraft:oak_stairs":2,"minecraft:spruce_pressure_plate":1,"minecraft:black_candle":2,"minecraft:azalea_leaves":1,"minecraft:iron_block":2,"minecraft:stone":703,"minecraft:spruce_slab":1,"minecraft:smoker":1,"minecraft:stone_brick_slab":8,"minecraft:crafting_table":1,"minecraft:torch":4,"mna:cerublossom":1,"minecraft:rose_bush":1,"minecraft:campfire":5,"minecraft:copper_ore":10,"minecraft:tall_grass":88,"minecraft:cobblestone":98,"biomesoplenty:sprout":1,"minecraft:potted_oak_sapling":1,"minecraft:sugar_cane":8,"minecraft:oak_planks":2,"minecraft:wall_torch":1,"minecraft:skeleton_skull":4,"minecraft:chain":2,"minecraft:spruce_stairs":2,"minecraft:light_weighted_pressure_plate":1,"minecraft:gray_wool":5,"minecraft:birch_planks":1,"minecraft:coarse_dirt":171,"minecraft:wheat":13,"minecraft:birch_log":1,"minecraft:ice":66,"minecraft:birch_trapdoor":1,"minecraft:lilac":1,"minecraft:birch_leaves":7,"minecraft:stripped_oak_wood":4,"minecraft:stone_brick_stairs":5,"minecraft:grass":109,"minecraft:oak_log":7,"minecraft:coal_ore":146,"minecraft:zombie_head":1,"minecraft:gravel":133,"minecraft:sand":138,"minecraft:dirt":111,"quark:crimson_chest":2,"minecraft:stone_bricks":22,"minecraft:orange_wall_banner":1,"minecraft:mossy_stone_bricks":18},"minecraft:dropped":{"minecraft:bread":16,"minecraft:birch_planks":9,"minecraft:wheat_seeds":6,"minecraft:glass_bottle":1,"mna:vinteum_dust":1,"minecraft:diamond_leggings":1,"mna:cerublossom":1,"minecraft:feather":4,"minecraft:cobblestone":3,"minecraft:cod":3,"minecraft:light_weighted_pressure_plate":1,"minecraft:dirt":194,"minecraft:gray_wool":3,"minecraft:torch":36,"minecraft:rose_bush":1,"minecraft:snowball":3,"minecraft:fire_charge":1,"minecraft:iron_axe":1,"minecraft:iron_pickaxe":2,"minecraft:iron_shovel":1,"minecraft:spruce_sapling":2,"minecraft:dandelion":2,"minecraft:iron_nugget":5,"minecraft:coarse_dirt":12,"minecraft:wheat":49,"minecraft:rotten_flesh":9,"minecraft:oak_planks":5,"minecraft:rabbit_hide":3,"minecraft:flower_pot":1,"minecraft:birch_trapdoor":1,"minecraft:azalea_leaves":9,"minecraft:iron_chestplate":1,"minecraft:oak_sapling":2,"minecraft:stone_pressure_plate":2,"minecraft:spider_eye":2,"minecraft:spruce_log":6,"minecraft:wooden_pickaxe":1},"minecraft:used":{"minecraft:writable_book":1,"minecraft:stone_sword":161,"minecraft:iron_shovel":251,"minecraft:tropical_fish":2,"minecraft:stone_shovel":224,"minecraft:spruce_planks":1,"minecraft:iron_sword":85,"minecraft:iron_chestplate":1,"minecraft:torch":111,"minecraft:dirt":184,"minecraft:lava_bucket":2,"minecraft:light_weighted_pressure_plate":1,"minecraft:iron_axe":16,"epicfight:iron_greatsword":57,"minecraft:oak_stairs":2,"minecraft:iron_boots":2,"minecraft:barrel":3,"minecraft:birch_trapdoor":2,"minecraft:bow":26,"minecraft:furnace":9,"minecraft:skeleton_skull":1,"minecraft:cooked_beef":19,"minecraft:wheat_seeds":14,"minecraft:water_bucket":8,"minecraft:mossy_stone_bricks":7,"minecraft:cobblestone_stairs":137,"minecraft:birch_planks":16,"minecraft:stone_pickaxe":487,"minecraft:oak_planks":8,"minecraft:wooden_pickaxe":66,"minecraft:sugar_cane":25,"minecraft:cobblestone_slab":7,"minecraft:glow_berries":7,"minecraft:sand":55,"minecraft:crafting_table":6,"minecraft:crossbow":2,"minecraft:smoker":1,"minecraft:bread":23,"minecraft:spruce_pressure_plate":1,"minecraft:iron_pickaxe":731,"quark:crimson_chest":2,"minecraft:spruce_trapdoor":1,"minecraft:gravel":5,"minecraft:lilac":1,"minecraft:fire_charge":1,"minecraft:cobblestone":121,"minecraft:andesite":48,"minecraft:bucket":10,"minecraft:birch_log":2,"minecraft:oak_boat":1,"quark:oak_chest":4,"minecraft:coarse_dirt":145,"minecraft:gray_wool":2},"minecraft:custom":{"minecraft:interact_with_smithing_table":2,"minecraft:interact_with_anvil":1,"minecraft:mob_kills":81,"minecraft:interact_with_crafting_table":49,"minecraft:open_barrel":32,"minecraft:leave_game":3,"minecraft:time_since_death":57840,"minecraft:climb_one_cm":11484,"minecraft:sprint_one_cm":337111,"minecraft:walk_one_cm":2836809,"minecraft:drop":51,"minecraft:talked_to_villager":3,"minecraft:play_time":290329,"minecraft:deaths":7,"minecraft:sneak_time":2435,"minecraft:walk_under_water_one_cm":65766,"minecraft:boat_one_cm":122445,"minecraft:interact_with_lectern":8,"minecraft:jump":3623,"minecraft:interact_with_blast_furnace":1,"minecraft:walk_on_water_one_cm":86618,"minecraft:total_world_time":290329,"minecraft:interact_with_furnace":62,"minecraft:tune_noteblock":26,"minecraft:interact_with_cartography_table":1,"minecraft:interact_with_loom":3,"minecraft:interact_with_grindstone":1,"minecraft:sleep_in_bed":3,"minecraft:time_since_rest":57878,"minecraft:damage_taken":3777,"minecraft:damage_dealt":11921,"minecraft:player_kills":1,"minecraft:swim_one_cm":349,"minecraft:fly_one_cm":1023083,"minecraft:open_chest":131,"minecraft:crouch_one_cm":6667,"minecraft:interact_with_smoker":3,"minecraft:fall_one_cm":82217},"minecraft:killed_by":{"minecraft:vindicator":3}},"DataVersion":3465}