{"stats":{"minecraft:custom":{"minecraft:mob_kills":24,"minecraft:interact_with_crafting_table":8,"minecraft:open_barrel":14,"minecraft:leave_game":4,"minecraft:time_since_death":2007,"minecraft:climb_one_cm":30846,"minecraft:sprint_one_cm":47554,"minecraft:walk_one_cm":653791,"minecraft:drop":20,"minecraft:play_noteblock":1,"minecraft:play_time":105310,"minecraft:deaths":19,"minecraft:sneak_time":551,"minecraft:walk_under_water_one_cm":12254,"minecraft:jump":1412,"minecraft:walk_on_water_one_cm":21766,"minecraft:total_world_time":105310,"minecraft:interact_with_furnace":11,"minecraft:interact_with_cartography_table":1,"minecraft:interact_with_stonecutter":1,"minecraft:time_since_rest":2033,"minecraft:damage_taken":14302,"minecraft:damage_dealt":4539,"minecraft:swim_one_cm":758,"minecraft:fly_one_cm":107001,"minecraft:player_kills":2,"minecraft:open_chest":14,"minecraft:crouch_one_cm":562,"minecraft:fall_one_cm":146618,"minecraft:inspect_dispenser":3},"minecraft:broken":{"minecraft:stone_sword":1,"minecraft:stone_pickaxe":3},"minecraft:mined":{"minecraft:red_carpet":3,"minecraft:tuff":1,"minecraft:grass_block":4,"minecraft:redstone_wire":1,"minecraft:coal_block":7,"minecraft:spawner":3,"minecraft:furnace":6,"minecraft:iron_ore":3,"treechop:chopped_log":7,"minecraft:bookshelf":6,"minecraft:potatoes":1,"minecraft:purple_carpet":6,"minecraft:light_gray_concrete":39,"minecraft:packed_ice":26,"minecraft:stone":55,"minecraft:spruce_slab":4,"minecraft:redstone_wall_torch":1,"minecraft:glass_pane":1,"minecraft:observer":2,"minecraft:chiseled_quartz_block":11,"minecraft:crafting_table":1,"minecraft:rose_bush":2,"minecraft:lectern":1,"minecraft:oak_planks":1,"minecraft:wall_torch":2,"minecraft:mud":3,"minecraft:wheat":10,"minecraft:sweet_berry_bush":11,"minecraft:ice":3,"minecraft:stone_brick_stairs":2,"minecraft:smooth_stone_slab":2,"minecraft:grass":5,"minecraft:coal_ore":50,"minecraft:dirt":8,"minecraft:sand":10,"minecraft:smooth_quartz":39,"minecraft:sandstone_wall":2,"minecraft:cobweb":6,"minecraft:piston":1,"minecraft:oak_leaves":1,"minecraft:fern":5},"minecraft:killed_by":{"minecraft:player":2,"minecraft:drowned":1,"minecraft:skeleton":5},"minecraft:killed":{"minecraft:skeleton":5,"minecraft:fox":1,"minecraft:drowned":1,"minecraft:pig":2,"minecraft:zombie_villager":1,"minecraft:polar_bear":1,"minecraft:sheep":5,"minecraft:zombie":2,"minecraft:cow":6},"minecraft:crafted":{"minecraft:wooden_sword":2,"minecraft:oak_planks":156,"minecraft:furnace":2,"minecraft:cooked_mutton":2,"minecraft:stone_pickaxe":1,"minecraft:crafting_table":2,"minecraft:spruce_planks":8,"minecraft:air":0,"minecraft:oak_boat":2,"minecraft:stick":8,"minecraft:stone_sword":2,"minecraft:torch":44},"minecraft:used":{"minecraft:stone_sword":146,"minecraft:spruce_slab":1,"minecraft:stone":5,"minecraft:iron_chestplate":1,"minecraft:torch":15,"minecraft:dirt":19,"minecraft:tuff":1,"minecraft:snowball":15,"minecraft:sweet_berries":25,"minecraft:furnace":6,"minecraft:cooked_mutton":4,"minecraft:stone_pickaxe":312,"minecraft:oak_planks":47,"minecraft:crafting_table":3,"minecraft:redstone_torch":1,"minecraft:apple":1,"minecraft:light_gray_concrete":11,"minecraft:bread":5,"minecraft:stone_axe":80,"minecraft:wooden_sword":12,"minecraft:cobblestone":7,"minecraft:oak_boat":1},"minecraft:dropped":{"minecraft:enchanted_book":2,"biomesoplenty:maple_sapling":10,"minecraft:cobblestone":16,"biomesoplenty:fir_sapling":12,"minecraft:dirt":15,"minecraft:rose_bush":2,"minecraft:sand":10,"minecraft:mud":2,"minecraft:spruce_sapling":2,"minecraft:stone_axe":2,"minecraft:stone_sword":1,"minecraft:chiseled_quartz_block":1,"minecraft:rotten_flesh":3,"minecraft:light_gray_wool":1,"minecraft:light_gray_concrete":12,"quark:shale":7,"minecraft:oak_boat":1,"minecraft:stone_pickaxe":1},"minecraft:picked_up":{"minecraft:mud":2,"minecraft:crafting_table":1,"minecraft:wheat":3,"minecraft:redstone_lamp":19,"biomesoplenty:violet":2,"minecraft:enchanted_book":1,"minecraft:string":12,"minecraft:beef":16,"minecraft:redstone_torch":1,"minecraft:oak_boat":4,"minecraft:rose_bush":2,"minecraft:observer":2,"minecraft:spruce_slab":18,"minecraft:smooth_quartz":56,"minecraft:light_gray_wool":2,"minecraft:lectern":2,"minecraft:coal_block":7,"minecraft:piston":13,"minecraft:mangrove_log":62,"minecraft:furnace":6,"minecraft:stick":27,"minecraft:raw_iron":6,"minecraft:stone":23,"minecraft:torch":64,"minecraft:porkchop":10,"minecraft:redstone":33,"minecraft:stone_sword":5,"minecraft:arrow":100,"minecraft:rotten_flesh":4,"minecraft:mutton":24,"minecraft:snowball":21,"minecraft:white_wool":17,"minecraft:cobblestone":82,"minecraft:chiseled_quartz_block":11,"biomesoplenty:fir_log":122,"biomesoplenty:fir_sapling":12,"minecraft:tuff":1,"minecraft:oak_log":55,"minecraft:dirt":57,"minecraft:purple_carpet":12,"minecraft:red_carpet":6,"minecraft:bone":41,"minecraft:apple":2,"minecraft:wheat_seeds":36,"minecraft:stone_pickaxe":13,"minecraft:oak_planks":139,"minecraft:book":36,"minecraft:sweet_berries":24,"quark:shale":14,"minecraft:quartz":20,"minecraft:sand":10,"minecraft:spruce_sapling":4,"minecraft:spruce_log":12,"minecraft:light_gray_concrete":47,"biomesoplenty:maple_sapling":21,"minecraft:stone_axe":5,"minecraft:lever":1,"minecraft:bread":2,"minecraft:coal":173}},"DataVersion":3465}