{"stats":{"minecraft:custom":{"minecraft:interact_with_furnace":4,"minecraft:mob_kills":23,"minecraft:interact_with_crafting_table":19,"minecraft:open_barrel":7,"minecraft:leave_game":1,"minecraft:time_since_death":1201,"minecraft:climb_one_cm":17712,"minecraft:time_since_rest":1244,"minecraft:sprint_one_cm":337008,"minecraft:damage_taken":2612,"minecraft:walk_one_cm":332489,"minecraft:drop":62,"minecraft:damage_dealt":5390,"minecraft:talked_to_villager":1,"minecraft:swim_one_cm":6463,"minecraft:fly_one_cm":294178,"minecraft:player_kills":2,"minecraft:open_chest":10,"minecraft:crouch_one_cm":5548,"minecraft:play_time":98973,"minecraft:deaths":9,"minecraft:sneak_time":1854,"minecraft:walk_under_water_one_cm":10885,"minecraft:jump":1285,"minecraft:walk_on_water_one_cm":8247,"minecraft:total_world_time":98973,"minecraft:fall_one_cm":24243},"minecraft:broken":{"minecraft:stone_axe":1},"minecraft:mined":{"minecraft:light_gray_carpet":3,"minecraft:spruce_planks":1,"biomesoplenty:glowworm_silk":2,"minecraft:crafting_table":5,"biomesoplenty:sprout":1,"minecraft:oak_planks":24,"minecraft:blue_bed":2,"minecraft:spawner":1,"minecraft:purple_bed":1,"minecraft:redstone_torch":8,"minecraft:iron_ore":4,"minecraft:ice":2,"minecraft:white_carpet":9,"treechop:chopped_log":3,"biomesoplenty:fir_log":1,"minecraft:coal_ore":78,"minecraft:oak_log":2,"minecraft:smooth_quartz":1,"minecraft:dirt":11,"minecraft:stone":85,"minecraft:spruce_slab":2,"minecraft:oak_leaves":2,"minecraft:redstone_wall_torch":2},"minecraft:killed_by":{"minecraft:player":2,"minecraft:skeleton":5,"minecraft:drowned":1},"minecraft:killed":{"minecraft:pig":5,"minecraft:zombie_villager":1,"minecraft:spider":1,"minecraft:sheep":1,"minecraft:skeleton":9,"minecraft:zombie":6},"minecraft:crafted":{"minecraft:oak_planks":28,"minecraft:crafting_table":3,"minecraft:spruce_planks":76,"minecraft:wooden_pickaxe":1,"minecraft:bone_meal":30,"minecraft:stone_axe":6,"minecraft:stick":40,"minecraft:stone_pickaxe":5,"minecraft:stone_sword":3},"minecraft:used":{"minecraft:stone_sword":18,"minecraft:spruce_slab":1,"minecraft:stone_pickaxe":139,"minecraft:baked_potato":1,"minecraft:spruce_planks":1,"minecraft:wooden_pickaxe":31,"minecraft:stone":1,"minecraft:blue_bed":2,"minecraft:grass":1,"minecraft:dirt":2,"minecraft:crafting_table":4,"minecraft:redstone_torch":10,"minecraft:apple":1,"minecraft:bread":12,"minecraft:iron_pickaxe":1,"minecraft:stone_axe":134,"minecraft:cobblestone":13,"minecraft:purple_bed":1},"minecraft:dropped":{"minecraft:bread":22,"minecraft:furnace":2,"minecraft:stone_axe":4,"minecraft:piston":1,"minecraft:chiseled_quartz_block":4,"minecraft:oak_log":15,"minecraft:stone_sword":3,"biomesoplenty:maple_sapling":4,"minecraft:white_carpet":18,"minecraft:rotten_flesh":6,"minecraft:fern":2,"minecraft:light_gray_carpet":3,"minecraft:light_gray_concrete":1,"minecraft:redstone_lamp":8,"minecraft:rabbit_hide":1,"minecraft:dirt":10,"minecraft:stone":10,"minecraft:torch":1,"minecraft:large_fern":2,"minecraft:smooth_quartz":3,"minecraft:oak_boat":1,"minecraft:oak_sapling":19,"minecraft:spruce_slab":8,"minecraft:arrow":23,"minecraft:stone_pickaxe":7,"minecraft:wooden_pickaxe":1,"minecraft:quartz":10,"minecraft:redstone":28,"minecraft:spruce_sapling":6,"minecraft:bone":7},"minecraft:picked_up":{"minecraft:charcoal":6,"minecraft:crafting_table":7,"minecraft:redstone_lamp":8,"minecraft:fern":1,"minecraft:chiseled_quartz_block":4,"minecraft:potato":3,"biomesoplenty:fir_log":128,"minecraft:enchanted_book":2,"minecraft:oak_log":46,"minecraft:map":3,"minecraft:paper":22,"minecraft:blue_bed":2,"minecraft:dirt":12,"minecraft:string":3,"minecraft:large_fern":1,"minecraft:white_carpet":18,"minecraft:bone":17,"minecraft:apple":1,"minecraft:bow":2,"minecraft:rabbit_hide":1,"minecraft:spruce_planks":42,"minecraft:beef":3,"minecraft:stone_pickaxe":7,"minecraft:oak_boat":1,"minecraft:redstone_torch":10,"minecraft:smooth_quartz":9,"minecraft:spruce_slab":11,"minecraft:oak_planks":24,"minecraft:piston":1,"minecraft:furnace":2,"minecraft:iron_boots":1,"minecraft:stick":33,"minecraft:raw_iron":4,"minecraft:stone":11,"minecraft:sweet_berries":1,"minecraft:torch":3,"minecraft:quartz":10,"minecraft:porkchop":9,"minecraft:spruce_sapling":6,"minecraft:spruce_log":22,"minecraft:redstone":28,"minecraft:light_gray_concrete":5,"biomesoplenty:maple_sapling":4,"minecraft:stone_sword":3,"minecraft:arrow":25,"minecraft:purple_bed":1,"minecraft:rotten_flesh":7,"minecraft:stone_axe":7,"minecraft:bone_meal":15,"minecraft:grass":1,"minecraft:emerald":3,"minecraft:bread":15,"minecraft:oak_sapling":1,"minecraft:light_gray_carpet":3,"minecraft:mutton":1,"minecraft:coal":132,"minecraft:white_wool":1,"minecraft:cobblestone":126}},"DataVersion":3465}