{
  "takesapillage:root": {
    "criteria": {
      "always": "2024-06-06 23:16:04 +0000"
    },
    "done": true
  },
  "incendium:technical/new_player": {
    "criteria": {
      "requirement": "2024-06-06 23:16:04 +0000"
    },
    "done": true
  },
  "dungeons_arise:wda_root": {
    "criteria": {
      "WDA": "2024-06-06 23:16:04 +0000"
    },
    "done": true
  },
  "incendium:technical/using/shield": {
    "criteria": {
      "log_spam_fixer": "2024-06-06 23:16:05 +0000"
    },
    "done": false
  },
  "incendium:technical/using/trailblazer": {
    "criteria": {
      "log_spam_fixer": "2024-06-06 23:16:05 +0000"
    },
    "done": false
  },
  "incendium:technical/scroll_of_returning": {
    "criteria": {
      "log_spam_fixer": "2024-06-06 23:16:05 +0000"
    },
    "done": false
  },
  "minecraft:adventure/adventuring_time": {
    "criteria": {
      "minecraft:old_growth_pine_taiga": "2024-06-06 23:29:45 +0000",
      "minecraft:taiga": "2024-06-06 23:29:57 +0000",
      "minecraft:birch_forest": "2024-06-06 23:30:03 +0000",
      "minecraft:beach": "2024-06-06 23:26:36 +0000",
      "minecraft:river": "2024-06-06 23:20:00 +0000",
      "minecraft:cold_ocean": "2024-06-06 23:20:40 +0000",
      "minecraft:forest": "2024-06-06 23:20:10 +0000",
      "minecraft:lush_caves": "2024-06-07 00:50:31 +0000",
      "minecraft:deep_cold_ocean": "2024-06-06 23:26:57 +0000",
      "minecraft:frozen_ocean": "2024-06-06 23:27:45 +0000",
      "minecraft:ocean": "2024-06-06 23:20:22 +0000",
      "minecraft:deep_dark": "2024-06-07 00:50:20 +0000",
      "minecraft:plains": "2024-06-06 23:16:05 +0000"
    },
    "done": false
  },
  "incendium:technical/using/ragnarok": {
    "criteria": {
      "log_spam_fixer": "2024-06-06 23:16:05 +0000"
    },
    "done": false
  },
  "mna:root": {
    "criteria": {
      "get_vinteum": "2024-06-06 23:18:09 +0000"
    },
    "done": true
  },
  "minecraft:story/mine_diamond": {
    "criteria": {
      "diamond": "2024-06-06 23:18:09 +0000"
    },
    "done": true
  },
  "minecraft:story/mine_stone": {
    "criteria": {
      "get_stone": "2024-06-06 23:18:11 +0000"
    },
    "done": true
  },
  "minecraft:story/form_obsidian": {
    "criteria": {
      "obsidian": "2024-06-06 23:18:16 +0000"
    },
    "done": true
  },
  "minecraft:story/root": {
    "criteria": {
      "crafting_table": "2024-06-06 23:18:29 +0000"
    },
    "done": true
  },
  "biomesoplenty:biomesoplenty/all_biomes": {
    "criteria": {
      "woodland": "2024-06-06 23:23:37 +0000",
      "shrubland": "2024-06-06 23:23:15 +0000",
      "rocky_shrubland": "2024-06-06 23:24:03 +0000",
      "scrubland": "2024-06-06 23:23:24 +0000",
      "old_growth_woodland": "2024-06-06 23:23:30 +0000",
      "field": "2024-06-06 23:27:11 +0000",
      "forested_field": "2024-06-06 23:29:43 +0000",
      "fir_clearing": "2024-06-06 23:21:13 +0000",
      "grassland": "2024-06-06 23:25:52 +0000",
      "rainforest": "2024-06-06 23:24:45 +0000",
      "ominous_woods": "2024-06-06 23:21:34 +0000"
    },
    "done": false
  },
  "biomesoplenty:biomesoplenty/root": {
    "criteria": {
      "fir_clearing": "2024-06-06 23:21:13 +0000"
    },
    "done": true
  },
  "incendium:technical/on_block": {
    "criteria": {
      "log_spam_fixer": "2024-06-07 00:55:56 +0000"
    },
    "done": false
  },
  "incendium:technical/inventory/firestorm": {
    "criteria": {
      "log_spam_fixer": "2024-06-07 00:55:56 +0000"
    },
    "done": false
  },
  "incendium:technical/sentrys_wrath": {
    "criteria": {
      "log_spam_fixer": "2024-06-07 00:55:56 +0000"
    },
    "done": false
  },
  "incendium:technical/feed_ghastling": {
    "criteria": {
      "log_spam_fixer": "2024-06-07 00:55:56 +0000"
    },
    "done": false
  },
  "incendium:technical/on_inventory_change": {
    "criteria": {
      "log_spam_fixer": "2024-06-07 00:55:56 +0000"
    },
    "done": false
  },
  "incendium:technical/inventory/sentrys_wrath": {
    "criteria": {
      "log_spam_fixer": "2024-06-07 00:55:56 +0000"
    },
    "done": false
  },
  "incendium:technical/multiplex_crossbow": {
    "criteria": {
      "log_spam_fixer": "2024-06-07 00:55:56 +0000"
    },
    "done": false
  },
  "incendium:technical/firestorm": {
    "criteria": {
      "log_spam_fixer": "2024-06-07 00:55:56 +0000"
    },
    "done": false
  },
  "incendium:technical/holy_wrath": {
    "criteria": {
      "log_spam_fixer": "2024-06-07 00:55:56 +0000"
    },
    "done": false
  },
  "incendium:technical/give_ghastling": {
    "criteria": {
      "log_spam_fixer": "2024-06-07 00:55:56 +0000"
    },
    "done": false
  },
  "incendium:technical/on_kill": {
    "criteria": {
      "log_spam_fixer": "2024-06-07 00:55:56 +0000"
    },
    "done": false
  },
  "incendium:technical/on_player_hurt": {
    "criteria": {
      "log_spam_fixer": "2024-06-07 00:55:56 +0000"
    },
    "done": false
  },
  "minecraft:story/shiny_gear": {
    "criteria": {
      "diamond_leggings": "2024-06-06 23:46:35 +0000"
    },
    "done": true
  },
  "minecraft:husbandry/balanced_diet": {
    "criteria": {
      "apple": "2024-06-06 23:38:37 +0000",
      "bread": "2024-06-06 23:56:14 +0000"
    },
    "done": false
  },
  "minecraft:story/obtain_armor": {
    "criteria": {
      "iron_chestplate": "2024-06-06 23:48:46 +0000"
    },
    "done": true
  },
  "minecraft:adventure/sleep_in_bed": {
    "criteria": {
      "slept_in_bed": "2024-06-06 23:36:03 +0000"
    },
    "done": true
  },
  "minecraft:story/lava_bucket": {
    "criteria": {
      "lava_bucket": "2024-06-07 00:55:27 +0000"
    },
    "done": true
  },
  "minecraft:husbandry/root": {
    "criteria": {
      "consumed_item": "2024-06-06 23:38:37 +0000"
    },
    "done": true
  },
  "minecraft:adventure/root": {
    "criteria": {
      "killed_something": "2024-06-07 00:11:42 +0000"
    },
    "done": true
  },
  "minecraft:adventure/kill_all_mobs": {
    "criteria": {
      "minecraft:skeleton": "2024-06-07 00:37:01 +0000",
      "minecraft:spider": "2024-06-07 00:22:10 +0000",
      "minecraft:zombie": "2024-06-07 00:11:42 +0000"
    },
    "done": false
  },
  "mna:tier_1/cast_a_spell": {
    "criteria": {
      "cast_spell": "2024-06-07 00:06:47 +0000"
    },
    "done": true
  },
  "mna:tier_0/smelt_vinteum": {
    "criteria": {
      "has_stone": "2024-06-07 00:05:21 +0000"
    },
    "done": true
  },
  "dungeons_arise:find_illager_corsair_or_illager_galley": {
    "criteria": {
      "location0": "2024-06-06 23:31:50 +0000"
    },
    "done": true
  },
  "dungeons_arise:find_lighthouse": {
    "criteria": {
      "location0": "2024-06-06 23:31:53 +0000"
    },
    "done": true
  },
  "minecraft:adventure/kill_a_mob": {
    "criteria": {
      "minecraft:zombie": "2024-06-07 00:11:42 +0000"
    },
    "done": true
  },
  "minecraft:adventure/ol_betsy": {
    "criteria": {
      "shot_crossbow": "2024-06-06 23:44:35 +0000"
    },
    "done": true
  },
  "minecraft:husbandry/axolotl_in_a_bucket": {
    "criteria": {
      "axolotl_bucket": "2024-06-07 00:51:06 +0000"
    },
    "done": true
  },
  "minecraft:adventure/shoot_arrow": {
    "criteria": {
      "shot_arrow": "2024-06-07 00:16:46 +0000"
    },
    "done": true
  },
  "minecraft:story/smelt_iron": {
    "criteria": {
      "iron": "2024-06-06 23:35:25 +0000"
    },
    "done": true
  },
  "DataVersion": 3465
}