{
  "takesapillage:root": {
    "criteria": {
      "always": "2024-06-10 20:35:08 +0000"
    },
    "done": true
  },
  "travelersbackpack:standard_from_custom": {
    "criteria": {
      "has_the_recipe": "2024-06-10 20:35:08 +0000"
    },
    "done": true
  },
  "dungeons_arise:wda_root": {
    "criteria": {
      "WDA": "2024-06-10 20:35:08 +0000"
    },
    "done": true
  },
  "the_bumblezone:root": {
    "criteria": {
      "instant_granted": "2024-06-10 20:35:08 +0000"
    },
    "done": true
  },
  "the_bumblezone:wiki": {
    "criteria": {
      "instant_granted": "2024-06-10 20:35:08 +0000"
    },
    "done": true
  },
  "incendium:technical/new_player": {
    "criteria": {
      "requirement": "2024-06-10 20:35:08 +0000"
    },
    "done": true
  },
  "incendium:technical/using/trailblazer": {
    "criteria": {
      "log_spam_fixer": "2024-06-10 20:35:09 +0000"
    },
    "done": false
  },
  "incendium:technical/scroll_of_returning": {
    "criteria": {
      "log_spam_fixer": "2024-06-10 20:35:09 +0000"
    },
    "done": false
  },
  "minecraft:adventure/adventuring_time": {
    "criteria": {
      "minecraft:taiga": "2024-06-10 21:51:09 +0000",
      "minecraft:beach": "2024-06-10 21:15:40 +0000",
      "minecraft:river": "2024-06-10 20:40:08 +0000",
      "minecraft:stony_shore": "2024-06-10 21:18:02 +0000",
      "minecraft:snowy_taiga": "2024-06-10 21:49:46 +0000",
      "minecraft:jagged_peaks": "2024-06-10 21:38:15 +0000",
      "minecraft:cold_ocean": "2024-06-10 21:16:31 +0000",
      "minecraft:forest": "2024-06-10 21:05:44 +0000",
      "minecraft:deep_cold_ocean": "2024-06-10 21:53:24 +0000",
      "minecraft:frozen_ocean": "2024-06-10 21:18:56 +0000",
      "minecraft:ocean": "2024-06-10 21:15:46 +0000",
      "minecraft:snowy_beach": "2024-06-10 21:51:48 +0000",
      "minecraft:frozen_peaks": "2024-06-10 21:35:41 +0000",
      "minecraft:plains": "2024-06-10 20:35:09 +0000"
    },
    "done": false
  },
  "incendium:technical/using/ragnarok": {
    "criteria": {
      "log_spam_fixer": "2024-06-10 20:35:09 +0000"
    },
    "done": false
  },
  "incendium:technical/using/shield": {
    "criteria": {
      "log_spam_fixer": "2024-06-10 20:35:09 +0000"
    },
    "done": false
  },
  "mna:root": {
    "criteria": {
      "get_vinteum": "2024-06-10 20:38:52 +0000"
    },
    "done": true
  },
  "minecraft:story/root": {
    "criteria": {
      "crafting_table": "2024-06-10 20:42:04 +0000"
    },
    "done": true
  },
  "minecraft:adventure/root": {
    "criteria": {
      "killed_something": "2024-06-10 20:44:55 +0000"
    },
    "done": true
  },
  "minecraft:adventure/kill_all_mobs": {
    "criteria": {
      "minecraft:skeleton": "2024-06-10 21:25:50 +0000",
      "minecraft:spider": "2024-06-10 21:25:57 +0000",
      "minecraft:phantom": "2024-06-10 20:44:55 +0000",
      "minecraft:zombie": "2024-06-10 21:55:23 +0000",
      "minecraft:zombie_villager": "2024-06-10 21:04:10 +0000"
    },
    "done": false
  },
  "minecraft:adventure/kill_a_mob": {
    "criteria": {
      "minecraft:phantom": "2024-06-10 20:44:55 +0000"
    },
    "done": true
  },
  "minecraft:story/iron_tools": {
    "criteria": {
      "iron_pickaxe": "2024-06-10 20:45:00 +0000"
    },
    "done": true
  },
  "minecraft:story/obtain_armor": {
    "criteria": {
      "iron_leggings": "2024-06-10 20:45:18 +0000"
    },
    "done": true
  },
  "minecraft:husbandry/balanced_diet": {
    "criteria": {
      "cooked_mutton": "2024-06-10 20:45:37 +0000",
      "bread": "2024-06-10 21:01:49 +0000",
      "rotten_flesh": "2024-06-10 22:31:27 +0000"
    },
    "done": false
  },
  "minecraft:husbandry/root": {
    "criteria": {
      "consumed_item": "2024-06-10 20:45:37 +0000"
    },
    "done": true
  },
  "minecraft:adventure/sleep_in_bed": {
    "criteria": {
      "slept_in_bed": "2024-06-10 20:47:32 +0000"
    },
    "done": true
  },
  "incendium:technical/sentrys_wrath": {
    "criteria": {
      "log_spam_fixer": "2024-06-10 22:34:38 +0000"
    },
    "done": false
  },
  "incendium:technical/inventory/sentrys_wrath": {
    "criteria": {
      "log_spam_fixer": "2024-06-10 22:34:38 +0000"
    },
    "done": false
  },
  "incendium:technical/multiplex_crossbow": {
    "criteria": {
      "log_spam_fixer": "2024-06-10 22:34:38 +0000"
    },
    "done": false
  },
  "incendium:technical/firestorm": {
    "criteria": {
      "log_spam_fixer": "2024-06-10 22:34:38 +0000"
    },
    "done": false
  },
  "incendium:technical/holy_wrath": {
    "criteria": {
      "log_spam_fixer": "2024-06-10 22:34:38 +0000"
    },
    "done": false
  },
  "incendium:technical/on_block": {
    "criteria": {
      "log_spam_fixer": "2024-06-10 22:34:38 +0000"
    },
    "done": false
  },
  "incendium:technical/inventory/firestorm": {
    "criteria": {
      "log_spam_fixer": "2024-06-10 22:34:38 +0000"
    },
    "done": false
  },
  "incendium:technical/feed_ghastling": {
    "criteria": {
      "log_spam_fixer": "2024-06-10 22:34:38 +0000"
    },
    "done": false
  },
  "incendium:technical/on_inventory_change": {
    "criteria": {
      "log_spam_fixer": "2024-06-10 22:34:38 +0000"
    },
    "done": false
  },
  "incendium:technical/give_ghastling": {
    "criteria": {
      "log_spam_fixer": "2024-06-10 22:34:38 +0000"
    },
    "done": false
  },
  "incendium:technical/on_kill": {
    "criteria": {
      "log_spam_fixer": "2024-06-10 22:34:38 +0000"
    },
    "done": false
  },
  "incendium:technical/on_player_hurt": {
    "criteria": {
      "log_spam_fixer": "2024-06-10 22:34:38 +0000"
    },
    "done": false
  },
  "biomesoplenty:biomesoplenty/all_biomes": {
    "criteria": {
      "shrubland": "2024-06-10 21:08:50 +0000",
      "snowblossom_grove": "2024-06-10 21:25:29 +0000",
      "rocky_shrubland": "2024-06-10 21:14:37 +0000",
      "field": "2024-06-10 21:56:23 +0000",
      "forested_field": "2024-06-10 21:54:52 +0000",
      "old_growth_dead_forest": "2024-06-10 21:29:37 +0000",
      "grassland": "2024-06-10 21:10:19 +0000",
      "snowy_coniferous_forest": "2024-06-10 21:34:36 +0000",
      "snowy_fir_clearing": "2024-06-10 21:23:29 +0000",
      "undergrowth": "2024-06-10 22:20:58 +0000",
      "rainforest": "2024-06-10 21:12:01 +0000"
    },
    "done": false
  },
  "minecraft:nether/explore_nether": {
    "criteria": {
      "minecraft:nether_wastes": "2024-06-10 22:23:52 +0000"
    },
    "done": false
  },
  "incendium:root": {
    "criteria": {
      "requirement": "2024-06-10 22:20:54 +0000"
    },
    "done": true
  },
  "minecraft:nether/root": {
    "criteria": {
      "entered_nether": "2024-06-10 22:20:54 +0000"
    },
    "done": true
  },
  "dungeons_arise:find_abandoned_temple": {
    "criteria": {
      "location0": "2024-06-10 21:38:19 +0000"
    },
    "done": true
  },
  "minecraft:story/mine_stone": {
    "criteria": {
      "get_stone": "2024-06-10 21:30:29 +0000"
    },
    "done": true
  },
  "minecraft:story/enter_the_nether": {
    "criteria": {
      "entered_nether": "2024-06-10 22:20:54 +0000"
    },
    "done": true
  },
  "biomesoplenty:biomesoplenty/root": {
    "criteria": {
      "shrubland": "2024-06-10 21:08:50 +0000"
    },
    "done": true
  },
  "minecraft:story/form_obsidian": {
    "criteria": {
      "obsidian": "2024-06-10 21:42:17 +0000"
    },
    "done": true
  },
  "minecraft:story/smelt_iron": {
    "criteria": {
      "iron": "2024-06-10 21:42:11 +0000"
    },
    "done": true
  },
  "DataVersion": 3465
}