{
  "takesapillage:root": {
    "criteria": {
      "always": "2024-06-06 23:36:15 +0000"
    },
    "done": true
  },
  "incendium:technical/new_player": {
    "criteria": {
      "requirement": "2024-06-06 23:36:15 +0000"
    },
    "done": true
  },
  "dungeons_arise:wda_root": {
    "criteria": {
      "WDA": "2024-06-06 23:36:15 +0000"
    },
    "done": true
  },
  "incendium:technical/using/shield": {
    "criteria": {
      "log_spam_fixer": "2024-06-06 23:36:16 +0000"
    },
    "done": false
  },
  "incendium:technical/using/trailblazer": {
    "criteria": {
      "log_spam_fixer": "2024-06-06 23:36:16 +0000"
    },
    "done": false
  },
  "incendium:technical/scroll_of_returning": {
    "criteria": {
      "log_spam_fixer": "2024-06-06 23:36:16 +0000"
    },
    "done": false
  },
  "minecraft:adventure/adventuring_time": {
    "criteria": {
      "minecraft:birch_forest": "2024-06-09 01:55:04 +0000",
      "minecraft:beach": "2024-06-10 17:43:43 +0000",
      "minecraft:dark_forest": "2024-06-09 01:54:59 +0000",
      "minecraft:mangrove_swamp": "2024-06-10 17:49:06 +0000",
      "minecraft:sparse_jungle": "2024-06-10 17:46:23 +0000",
      "minecraft:river": "2024-06-07 00:48:56 +0000",
      "minecraft:lukewarm_ocean": "2024-06-10 17:42:48 +0000",
      "minecraft:stony_shore": "2024-06-10 21:18:02 +0000",
      "minecraft:grove": "2024-06-10 21:52:53 +0000",
      "minecraft:jagged_peaks": "2024-06-10 21:39:03 +0000",
      "minecraft:cold_ocean": "2024-06-10 16:12:24 +0000",
      "minecraft:forest": "2024-06-09 01:46:47 +0000",
      "minecraft:frozen_ocean": "2024-06-10 21:18:56 +0000",
      "minecraft:ocean": "2024-06-09 02:02:22 +0000",
      "minecraft:jungle": "2024-06-10 17:46:41 +0000",
      "minecraft:snowy_beach": "2024-06-10 21:53:31 +0000",
      "minecraft:frozen_peaks": "2024-06-10 21:35:40 +0000",
      "minecraft:old_growth_birch_forest": "2024-06-10 17:42:18 +0000",
      "minecraft:plains": "2024-06-06 23:36:16 +0000"
    },
    "done": false
  },
  "incendium:technical/using/ragnarok": {
    "criteria": {
      "log_spam_fixer": "2024-06-06 23:36:16 +0000"
    },
    "done": false
  },
  "mna:root": {
    "criteria": {
      "get_vinteum": "2024-06-06 23:36:42 +0000"
    },
    "done": true
  },
  "minecraft:adventure/root": {
    "criteria": {
      "killed_something": "2024-06-06 23:36:47 +0000"
    },
    "done": true
  },
  "minecraft:story/smelt_iron": {
    "criteria": {
      "iron": "2024-06-06 23:45:24 +0000"
    },
    "done": true
  },
  "minecraft:story/shiny_gear": {
    "criteria": {
      "diamond_leggings": "2024-06-06 23:46:40 +0000"
    },
    "done": true
  },
  "minecraft:story/obtain_armor": {
    "criteria": {
      "iron_leggings": "2024-06-06 23:49:08 +0000"
    },
    "done": true
  },
  "minecraft:husbandry/balanced_diet": {
    "criteria": {
      "cooked_mutton": "2024-06-10 21:51:39 +0000",
      "cooked_beef": "2024-06-06 23:51:50 +0000",
      "tropical_fish": "2024-06-07 00:05:54 +0000",
      "apple": "2024-06-10 22:03:25 +0000",
      "bread": "2024-06-07 00:30:05 +0000",
      "glow_berries": "2024-06-07 00:06:38 +0000"
    },
    "done": false
  },
  "minecraft:husbandry/root": {
    "criteria": {
      "consumed_item": "2024-06-06 23:51:50 +0000"
    },
    "done": true
  },
  "minecraft:story/form_obsidian": {
    "criteria": {
      "obsidian": "2024-06-06 23:52:42 +0000"
    },
    "done": true
  },
  "minecraft:adventure/shoot_arrow": {
    "criteria": {
      "shot_arrow": "2024-06-06 23:58:34 +0000"
    },
    "done": true
  },
  "minecraft:adventure/sleep_in_bed": {
    "criteria": {
      "slept_in_bed": "2024-06-07 00:03:16 +0000"
    },
    "done": true
  },
  "minecraft:story/root": {
    "criteria": {
      "crafting_table": "2024-06-07 00:13:32 +0000"
    },
    "done": true
  },
  "minecraft:story/mine_stone": {
    "criteria": {
      "get_stone": "2024-06-07 00:14:02 +0000"
    },
    "done": true
  },
  "minecraft:adventure/kill_all_mobs": {
    "criteria": {
      "minecraft:pillager": "2024-06-09 23:18:42 +0000",
      "minecraft:skeleton": "2024-06-09 01:56:53 +0000",
      "minecraft:spider": "2024-06-10 16:03:10 +0000",
      "minecraft:creeper": "2024-06-10 21:59:10 +0000",
      "minecraft:phantom": "2024-06-10 20:47:26 +0000",
      "minecraft:husk": "2024-06-10 16:17:42 +0000",
      "minecraft:stray": "2024-06-10 21:49:03 +0000",
      "minecraft:zombie": "2024-06-07 00:17:34 +0000",
      "minecraft:drowned": "2024-06-10 17:32:13 +0000"
    },
    "done": false
  },
  "minecraft:adventure/kill_a_mob": {
    "criteria": {
      "minecraft:zombie": "2024-06-07 00:17:34 +0000"
    },
    "done": true
  },
  "minecraft:story/upgrade_tools": {
    "criteria": {
      "stone_pickaxe": "2024-06-07 00:20:16 +0000"
    },
    "done": true
  },
  "minecraft:story/lava_bucket": {
    "criteria": {
      "lava_bucket": "2024-06-07 00:52:55 +0000"
    },
    "done": true
  },
  "biomesoplenty:biomesoplenty/all_biomes": {
    "criteria": {
      "muskeg": "2024-06-10 21:23:57 +0000",
      "shrubland": "2024-06-09 01:47:29 +0000",
      "snowblossom_grove": "2024-06-10 21:25:08 +0000",
      "rocky_shrubland": "2024-06-10 17:50:59 +0000",
      "scrubland": "2024-06-10 17:49:41 +0000",
      "field": "2024-06-09 01:52:06 +0000",
      "mediterranean_forest": "2024-06-10 17:48:53 +0000",
      "forested_field": "2024-06-10 21:55:52 +0000",
      "old_growth_dead_forest": "2024-06-10 21:29:34 +0000",
      "grassland": "2024-06-09 01:48:37 +0000",
      "snowy_coniferous_forest": "2024-06-10 21:32:02 +0000",
      "snowy_fir_clearing": "2024-06-10 21:23:36 +0000",
      "undergrowth": "2024-06-10 22:21:03 +0000",
      "rainforest": "2024-06-10 17:52:04 +0000"
    },
    "done": false
  },
  "biomesoplenty:biomesoplenty/root": {
    "criteria": {
      "shrubland": "2024-06-09 01:47:29 +0000"
    },
    "done": true
  },
  "mna:tier_0/smelt_vinteum": {
    "criteria": {
      "has_stone": "2024-06-09 02:03:01 +0000"
    },
    "done": true
  },
  "minecraft:story/iron_tools": {
    "criteria": {
      "iron_pickaxe": "2024-06-09 02:21:08 +0000"
    },
    "done": true
  },
  "minecraft:adventure/ol_betsy": {
    "criteria": {
      "shot_crossbow": "2024-06-09 02:51:22 +0000"
    },
    "done": true
  },
  "travelersbackpack:standard_from_custom": {
    "criteria": {
      "has_the_recipe": "2024-06-09 23:14:46 +0000"
    },
    "done": true
  },
  "the_bumblezone:root": {
    "criteria": {
      "instant_granted": "2024-06-09 23:14:46 +0000"
    },
    "done": true
  },
  "the_bumblezone:wiki": {
    "criteria": {
      "instant_granted": "2024-06-09 23:14:46 +0000"
    },
    "done": true
  },
  "dungeons_arise:find_illager_corsair_or_illager_galley": {
    "criteria": {
      "location0": "2024-06-09 23:18:09 +0000"
    },
    "done": true
  },
  "dungeons_arise:find_lighthouse": {
    "criteria": {
      "location0": "2024-06-09 23:28:07 +0000"
    },
    "done": true
  },
  "minecraft:husbandry/plant_seed": {
    "criteria": {
      "wheat": "2024-06-09 23:46:32 +0000"
    },
    "done": true
  },
  "the_bumblezone:teleportation/is_near_beehive": {
    "criteria": {
      "is_near_beehive": "2024-06-09 23:47:54 +0000"
    },
    "done": true
  },
  "mna:tier_1/cast_a_spell": {
    "criteria": {
      "cast_spell": "2024-06-09 23:58:14 +0000"
    },
    "done": true
  },
  "mna:tier_0/codex_trade": {
    "criteria": {
      "has_stone": "2024-06-10 00:13:37 +0000"
    },
    "done": true
  },
  "dungeons_arise:find_bathhouse": {
    "criteria": {
      "location0": "2024-06-10 16:15:42 +0000"
    },
    "done": true
  },
  "minecraft:story/mine_diamond": {
    "criteria": {
      "diamond": "2024-06-10 16:24:24 +0000"
    },
    "done": true
  },
  "mna:tier_0/mine_vinteum": {
    "criteria": {
      "has_stone": "2024-06-10 16:40:21 +0000"
    },
    "done": true
  },
  "minecraft:adventure/salvage_sherd": {
    "criteria": {
      "has_sherd": "2024-06-10 17:44:13 +0000"
    },
    "done": false
  },
  "incendium:technical/sentrys_wrath": {
    "criteria": {
      "log_spam_fixer": "2024-06-10 22:37:37 +0000"
    },
    "done": false
  },
  "incendium:technical/inventory/sentrys_wrath": {
    "criteria": {
      "log_spam_fixer": "2024-06-10 22:37:37 +0000"
    },
    "done": false
  },
  "incendium:technical/multiplex_crossbow": {
    "criteria": {
      "log_spam_fixer": "2024-06-10 22:37:37 +0000"
    },
    "done": false
  },
  "incendium:technical/firestorm": {
    "criteria": {
      "log_spam_fixer": "2024-06-10 22:37:37 +0000"
    },
    "done": false
  },
  "incendium:technical/holy_wrath": {
    "criteria": {
      "log_spam_fixer": "2024-06-10 22:37:37 +0000"
    },
    "done": false
  },
  "incendium:technical/on_block": {
    "criteria": {
      "log_spam_fixer": "2024-06-10 22:37:37 +0000"
    },
    "done": false
  },
  "incendium:technical/inventory/firestorm": {
    "criteria": {
      "log_spam_fixer": "2024-06-10 22:37:37 +0000"
    },
    "done": false
  },
  "incendium:technical/feed_ghastling": {
    "criteria": {
      "log_spam_fixer": "2024-06-10 22:37:37 +0000"
    },
    "done": false
  },
  "incendium:technical/on_inventory_change": {
    "criteria": {
      "log_spam_fixer": "2024-06-10 22:37:37 +0000"
    },
    "done": false
  },
  "incendium:technical/give_ghastling": {
    "criteria": {
      "log_spam_fixer": "2024-06-10 22:37:37 +0000"
    },
    "done": false
  },
  "incendium:technical/on_kill": {
    "criteria": {
      "log_spam_fixer": "2024-06-10 22:37:37 +0000"
    },
    "done": false
  },
  "incendium:technical/on_player_hurt": {
    "criteria": {
      "log_spam_fixer": "2024-06-10 22:37:37 +0000"
    },
    "done": false
  },
  "minecraft:nether/explore_nether": {
    "criteria": {
      "minecraft:nether_wastes": "2024-06-10 22:33:00 +0000"
    },
    "done": false
  },
  "incendium:root": {
    "criteria": {
      "requirement": "2024-06-10 22:21:02 +0000"
    },
    "done": true
  },
  "minecraft:nether/root": {
    "criteria": {
      "entered_nether": "2024-06-10 22:21:02 +0000"
    },
    "done": true
  },
  "dungeons_arise:find_abandoned_temple": {
    "criteria": {
      "location0": "2024-06-10 21:39:26 +0000"
    },
    "done": true
  },
  "minecraft:story/enter_the_nether": {
    "criteria": {
      "entered_nether": "2024-06-10 22:21:02 +0000"
    },
    "done": true
  },
  "DataVersion": 3465
}